run_key,attempt,status,started_at,finished_at,return_code,log_path,reason
ablation_dev|ablation-a1-no-sensor-dropout|fold0|seed13,1,success,2026-09-10T02:39:42.793873+00:00,2026-09-10T02:43:22.796935+00:00,0,runs\_phase5_logs\ablation_dev_ablation-a1-no-sensor-dropout_fold0_seed13\attempt-1.log,
ablation_dev|ablation-a2-no-noise|fold0|seed13,1,success,2026-09-10T02:43:22.800940+00:00,2026-09-10T02:47:11.089750+00:00,0,runs\_phase5_logs\ablation_dev_ablation-a2-no-noise_fold0_seed13\attempt-1.log,
ablation_dev|ablation-a3-no-quality|fold0|seed13,1,success,2026-09-10T02:47:11.093751+00:00,2026-09-10T02:51:35.226420+00:00,0,runs\_phase5_logs\ablation_dev_ablation-a3-no-quality_fold0_seed13\attempt-1.log,
ablation_dev|ablation-a4-no-reliability|fold0|seed13,1,success,2026-09-10T02:51:35.230451+00:00,2026-09-10T02:55:48.947247+00:00,0,runs\_phase5_logs\ablation_dev_ablation-a4-no-reliability_fold0_seed13\attempt-1.log,
ablation_dev|ablation-a5-no-reliability-loss|fold0|seed13,1,success,2026-09-10T02:55:48.950024+00:00,2026-09-10T03:00:11.589688+00:00,0,runs\_phase5_logs\ablation_dev_ablation-a5-no-reliability-loss_fold0_seed13\attempt-1.log,
ablation_dev|quality-aware|fold0|seed13,1,success,2026-09-10T03:00:11.593297+00:00,2026-09-10T03:04:36.292259+00:00,0,runs\_phase5_logs\ablation_dev_quality-aware_fold0_seed13\attempt-1.log,
credible|gated|fold0|seed13,1,success,2026-09-10T03:10:22.550244+00:00,2026-09-10T03:15:32.548903+00:00,0,runs\_phase5_logs\credible_gated_fold0_seed13\attempt-1.log,
credible|robust-gated|fold0|seed13,1,success,2026-09-10T03:16:25.953438+00:00,2026-09-10T03:46:02.928873+00:00,0,runs\_phase5_logs\credible_robust-gated_fold0_seed13\attempt-1.log,
credible|quality-aware|fold0|seed13,1,success,2026-09-10T04:48:01.090501+00:00,2026-09-10T05:22:16.454237+00:00,0,runs\_phase5_logs\credible_quality-aware_fold0_seed13\attempt-1.log,
credible|gated|fold1|seed13,1,success,2026-09-10T05:26:02.447139+00:00,2026-09-10T05:33:00.535617+00:00,0,runs\_phase5_logs\credible_gated_fold1_seed13\attempt-1.log,
credible|gated|fold2|seed13,1,success,2026-09-10T05:33:00.541123+00:00,2026-09-10T05:39:22.501048+00:00,0,runs\_phase5_logs\credible_gated_fold2_seed13\attempt-1.log,
credible|gated|fold3|seed13,1,success,2026-09-10T05:39:22.504373+00:00,2026-09-10T05:46:20.834997+00:00,0,runs\_phase5_logs\credible_gated_fold3_seed13\attempt-1.log,
credible|gated|fold4|seed13,1,success,2026-09-10T05:46:20.838114+00:00,2026-09-10T05:51:08.897164+00:00,0,runs\_phase5_logs\credible_gated_fold4_seed13\attempt-1.log,
credible|late|fold0|seed13,1,success,2026-09-10T05:51:08.900164+00:00,2026-09-10T05:56:43.465156+00:00,0,runs\_phase5_logs\credible_late_fold0_seed13\attempt-1.log,
credible|late|fold1|seed13,1,success,2026-09-10T05:56:43.469174+00:00,2026-09-10T06:03:04.708494+00:00,0,runs\_phase5_logs\credible_late_fold1_seed13\attempt-1.log,
credible|late|fold2|seed13,1,success,2026-09-10T06:03:04.712495+00:00,2026-09-10T06:08:18.177343+00:00,0,runs\_phase5_logs\credible_late_fold2_seed13\attempt-1.log,
credible|late|fold3|seed13,1,success,2026-09-10T06:08:18.181949+00:00,2026-09-10T06:14:32.839632+00:00,0,runs\_phase5_logs\credible_late_fold3_seed13\attempt-1.log,
credible|late|fold4|seed13,1,success,2026-09-10T06:14:32.842632+00:00,2026-09-10T06:18:11.761602+00:00,0,runs\_phase5_logs\credible_late_fold4_seed13\attempt-1.log,
credible|linear|fold0|seed13,1,success,2026-09-10T06:18:11.764602+00:00,2026-09-10T06:20:24.701324+00:00,0,runs\_phase5_logs\credible_linear_fold0_seed13\attempt-1.log,
credible|linear|fold1|seed13,1,success,2026-09-10T06:20:24.704329+00:00,2026-09-10T06:22:17.744525+00:00,0,runs\_phase5_logs\credible_linear_fold1_seed13\attempt-1.log,
credible|linear|fold2|seed13,1,success,2026-09-10T06:22:17.747525+00:00,2026-09-10T06:23:39.783491+00:00,0,runs\_phase5_logs\credible_linear_fold2_seed13\attempt-1.log,
credible|linear|fold3|seed13,1,success,2026-09-10T06:23:39.786493+00:00,2026-09-10T06:25:02.703951+00:00,0,runs\_phase5_logs\credible_linear_fold3_seed13\attempt-1.log,
credible|linear|fold4|seed13,1,success,2026-09-10T06:25:02.706964+00:00,2026-09-10T06:27:25.299385+00:00,0,runs\_phase5_logs\credible_linear_fold4_seed13\attempt-1.log,
credible|mlp|fold0|seed13,1,success,2026-09-10T06:27:25.304013+00:00,2026-09-10T06:31:53.658616+00:00,0,runs\_phase5_logs\credible_mlp_fold0_seed13\attempt-1.log,
credible|mlp|fold1|seed13,1,success,2026-09-10T06:31:53.662119+00:00,2026-09-10T06:35:28.559940+00:00,0,runs\_phase5_logs\credible_mlp_fold1_seed13\attempt-1.log,
credible|mlp|fold2|seed13,1,success,2026-09-10T06:35:28.562958+00:00,2026-09-10T06:39:10.248795+00:00,0,runs\_phase5_logs\credible_mlp_fold2_seed13\attempt-1.log,
credible|mlp|fold3|seed13,1,success,2026-09-10T06:39:10.252893+00:00,2026-09-10T06:44:10.381156+00:00,0,runs\_phase5_logs\credible_mlp_fold3_seed13\attempt-1.log,
credible|mlp|fold4|seed13,1,success,2026-09-10T06:44:10.384159+00:00,2026-09-10T06:46:49.624909+00:00,0,runs\_phase5_logs\credible_mlp_fold4_seed13\attempt-1.log,
credible|quality-aware|fold1|seed13,1,success,2026-09-10T06:46:49.629418+00:00,2026-09-10T07:27:26.337850+00:00,0,runs\_phase5_logs\credible_quality-aware_fold1_seed13\attempt-1.log,
credible|quality-aware|fold2|seed13,1,success,2026-09-10T07:27:26.342719+00:00,2026-09-10T07:51:58.253149+00:00,0,runs\_phase5_logs\credible_quality-aware_fold2_seed13\attempt-1.log,
credible|quality-aware|fold3|seed13,1,success,2026-09-10T07:51:58.256694+00:00,2026-09-10T09:31:26.058939+00:00,0,runs\_phase5_logs\credible_quality-aware_fold3_seed13\attempt-1.log,
credible|quality-aware|fold4|seed13,1,success,2026-09-10T09:31:26.064020+00:00,2026-09-10T09:52:42.459557+00:00,0,runs\_phase5_logs\credible_quality-aware_fold4_seed13\attempt-1.log,
credible|robust-gated|fold1|seed13,1,success,2026-09-10T09:52:42.464839+00:00,2026-09-10T10:28:52.177150+00:00,0,runs\_phase5_logs\credible_robust-gated_fold1_seed13\attempt-1.log,
credible|robust-gated|fold2|seed13,1,success,2026-09-10T10:28:52.181148+00:00,2026-09-10T10:56:35.704410+00:00,0,runs\_phase5_logs\credible_robust-gated_fold2_seed13\attempt-1.log,
credible|robust-gated|fold3|seed13,1,success,2026-09-10T10:56:35.708916+00:00,2026-09-10T11:46:07.842795+00:00,0,runs\_phase5_logs\credible_robust-gated_fold3_seed13\attempt-1.log,
credible|robust-gated|fold4|seed13,1,success,2026-09-10T11:46:07.847797+00:00,2026-09-10T12:14:24.667257+00:00,0,runs\_phase5_logs\credible_robust-gated_fold4_seed13\attempt-1.log,
credible|single-audio|fold0|seed13,1,success,2026-09-10T12:14:24.672289+00:00,2026-09-10T12:16:58.636494+00:00,0,runs\_phase5_logs\credible_single-audio_fold0_seed13\attempt-1.log,
credible|single-audio|fold1|seed13,1,success,2026-09-10T12:16:58.641030+00:00,2026-09-10T12:18:49.487820+00:00,0,runs\_phase5_logs\credible_single-audio_fold1_seed13\attempt-1.log,
credible|single-audio|fold2|seed13,1,success,2026-09-10T12:18:49.491816+00:00,2026-09-10T12:21:42.889580+00:00,0,runs\_phase5_logs\credible_single-audio_fold2_seed13\attempt-1.log,
credible|single-audio|fold3|seed13,1,success,2026-09-10T12:21:42.893764+00:00,2026-09-10T12:23:44.724549+00:00,0,runs\_phase5_logs\credible_single-audio_fold3_seed13\attempt-1.log,
credible|single-audio|fold4|seed13,1,success,2026-09-10T12:23:44.729034+00:00,2026-09-10T12:25:27.679936+00:00,0,runs\_phase5_logs\credible_single-audio_fold4_seed13\attempt-1.log,
credible|single-location|fold0|seed13,1,success,2026-09-10T12:25:27.683990+00:00,2026-09-10T12:27:06.501748+00:00,0,runs\_phase5_logs\credible_single-location_fold0_seed13\attempt-1.log,
credible|single-location|fold1|seed13,1,success,2026-09-10T12:27:06.506382+00:00,2026-09-10T12:28:50.449431+00:00,0,runs\_phase5_logs\credible_single-location_fold1_seed13\attempt-1.log,
credible|single-location|fold2|seed13,1,success,2026-09-10T12:28:50.454559+00:00,2026-09-10T12:30:25.469676+00:00,0,runs\_phase5_logs\credible_single-location_fold2_seed13\attempt-1.log,
credible|single-location|fold3|seed13,1,success,2026-09-10T12:30:25.474679+00:00,2026-09-10T12:32:48.728447+00:00,0,runs\_phase5_logs\credible_single-location_fold3_seed13\attempt-1.log,
credible|single-location|fold4|seed13,1,success,2026-09-10T12:32:48.732467+00:00,2026-09-10T12:34:55.066797+00:00,0,runs\_phase5_logs\credible_single-location_fold4_seed13\attempt-1.log,
credible|single-phone_acc|fold0|seed13,1,success,2026-09-10T12:34:55.071306+00:00,2026-09-10T12:37:32.937510+00:00,0,runs\_phase5_logs\credible_single-phone_acc_fold0_seed13\attempt-1.log,
credible|single-phone_acc|fold1|seed13,1,success,2026-09-10T12:37:32.942655+00:00,2026-09-10T12:40:46.516098+00:00,0,runs\_phase5_logs\credible_single-phone_acc_fold1_seed13\attempt-1.log,
credible|single-phone_acc|fold2|seed13,1,success,2026-09-10T12:40:46.519607+00:00,2026-09-10T12:42:14.724424+00:00,0,runs\_phase5_logs\credible_single-phone_acc_fold2_seed13\attempt-1.log,
credible|single-phone_acc|fold3|seed13,1,success,2026-09-10T12:42:14.729425+00:00,2026-09-10T12:45:11.038061+00:00,0,runs\_phase5_logs\credible_single-phone_acc_fold3_seed13\attempt-1.log,
credible|single-phone_acc|fold4|seed13,1,success,2026-09-10T12:45:11.044412+00:00,2026-09-10T12:47:14.463199+00:00,0,runs\_phase5_logs\credible_single-phone_acc_fold4_seed13\attempt-1.log,
credible|single-phone_gyro|fold0|seed13,1,success,2026-09-10T12:47:14.469144+00:00,2026-09-10T12:49:44.595219+00:00,0,runs\_phase5_logs\credible_single-phone_gyro_fold0_seed13\attempt-1.log,
credible|single-phone_gyro|fold1|seed13,1,success,2026-09-10T12:49:44.600634+00:00,2026-09-10T12:51:31.900306+00:00,0,runs\_phase5_logs\credible_single-phone_gyro_fold1_seed13\attempt-1.log,
credible|single-phone_gyro|fold2|seed13,1,success,2026-09-10T12:51:31.905663+00:00,2026-09-10T12:53:32.745796+00:00,0,runs\_phase5_logs\credible_single-phone_gyro_fold2_seed13\attempt-1.log,
credible|single-phone_gyro|fold3|seed13,1,success,2026-09-10T12:53:32.751975+00:00,2026-09-10T12:56:30.427201+00:00,0,runs\_phase5_logs\credible_single-phone_gyro_fold3_seed13\attempt-1.log,
credible|single-phone_gyro|fold4|seed13,1,success,2026-09-10T12:56:30.432384+00:00,2026-09-10T12:58:37.468126+00:00,0,runs\_phase5_logs\credible_single-phone_gyro_fold4_seed13\attempt-1.log,
credible|single-phone_state|fold0|seed13,1,success,2026-09-10T12:58:37.474282+00:00,2026-09-10T13:00:19.797982+00:00,0,runs\_phase5_logs\credible_single-phone_state_fold0_seed13\attempt-1.log,
credible|single-phone_state|fold1|seed13,1,success,2026-09-10T13:00:19.803496+00:00,2026-09-10T13:02:28.614563+00:00,0,runs\_phase5_logs\credible_single-phone_state_fold1_seed13\attempt-1.log,
credible|single-phone_state|fold2|seed13,1,success,2026-09-10T13:02:28.620563+00:00,2026-09-10T13:04:02.975329+00:00,0,runs\_phase5_logs\credible_single-phone_state_fold2_seed13\attempt-1.log,
credible|single-phone_state|fold3|seed13,1,success,2026-09-10T13:04:02.979898+00:00,2026-09-10T13:06:37.235020+00:00,0,runs\_phase5_logs\credible_single-phone_state_fold3_seed13\attempt-1.log,
credible|single-phone_state|fold4|seed13,1,success,2026-09-10T13:06:37.241583+00:00,2026-09-10T13:08:54.895662+00:00,0,runs\_phase5_logs\credible_single-phone_state_fold4_seed13\attempt-1.log,
credible|single-watch_acc|fold0|seed13,1,success,2026-09-10T13:08:54.900336+00:00,2026-09-10T13:10:36.649235+00:00,0,runs\_phase5_logs\credible_single-watch_acc_fold0_seed13\attempt-1.log,
credible|single-watch_acc|fold1|seed13,1,success,2026-09-10T13:10:36.653757+00:00,2026-09-10T13:12:25.884417+00:00,0,runs\_phase5_logs\credible_single-watch_acc_fold1_seed13\attempt-1.log,
credible|single-watch_acc|fold2|seed13,1,success,2026-09-10T13:12:25.889319+00:00,2026-09-10T13:14:04.578129+00:00,0,runs\_phase5_logs\credible_single-watch_acc_fold2_seed13\attempt-1.log,
credible|single-watch_acc|fold3|seed13,1,success,2026-09-10T13:14:04.582129+00:00,2026-09-10T13:15:46.461593+00:00,0,runs\_phase5_logs\credible_single-watch_acc_fold3_seed13\attempt-1.log,
credible|single-watch_acc|fold4|seed13,1,success,2026-09-10T13:15:46.466599+00:00,2026-09-10T13:19:21.249727+00:00,0,runs\_phase5_logs\credible_single-watch_acc_fold4_seed13\attempt-1.log,
