artifact,source_run_ids,evaluation_plan
figures/ablation.png,extrasensory-ablation-a1-no-sensor-dropout-fold0-seed13-ablation_dev|extrasensory-ablation-a2-no-noise-fold0-seed13-ablation_dev|extrasensory-ablation-a3-no-quality-fold0-seed13-ablation_dev|extrasensory-ablation-a4-no-reliability-fold0-seed13-ablation_dev|extrasensory-ablation-a5-no-reliability-loss-fold0-seed13-ablation_dev|extrasensory-quality-aware-fold0-seed13-ablation_dev,configs\evaluation\credible.yaml
figures/clean_performance.png,extrasensory-gated-fold0-seed13-credible|extrasensory-gated-fold1-seed13-credible|extrasensory-gated-fold2-seed13-credible|extrasensory-gated-fold3-seed13-credible|extrasensory-gated-fold4-seed13-credible|extrasensory-late-fold0-seed13-credible|extrasensory-late-fold1-seed13-credible|extrasensory-late-fold2-seed13-credible|extrasensory-late-fold3-seed13-credible|extrasensory-late-fold4-seed13-credible|extrasensory-linear-fold0-seed13-credible|extrasensory-linear-fold1-seed13-credible|extrasensory-linear-fold2-seed13-credible|extrasensory-linear-fold3-seed13-credible|extrasensory-linear-fold4-seed13-credible|extrasensory-mlp-fold0-seed13-credible|extrasensory-mlp-fold1-seed13-credible|extrasensory-mlp-fold2-seed13-credible|extrasensory-mlp-fold3-seed13-credible|extrasensory-mlp-fold4-seed13-credible|extrasensory-quality-aware-fold0-seed13-credible|extrasensory-quality-aware-fold1-seed13-credible|extrasensory-quality-aware-fold2-seed13-credible|extrasensory-quality-aware-fold3-seed13-credible|extrasensory-quality-aware-fold4-seed13-credible|extrasensory-robust-gated-fold0-seed13-credible|extrasensory-robust-gated-fold1-seed13-credible|extrasensory-robust-gated-fold2-seed13-credible|extrasensory-robust-gated-fold3-seed13-credible|extrasensory-robust-gated-fold4-seed13-credible|extrasensory-single-audio-fold0-seed13-credible|extrasensory-single-audio-fold1-seed13-credible|extrasensory-single-audio-fold2-seed13-credible|extrasensory-single-audio-fold3-seed13-credible|extrasensory-single-audio-fold4-seed13-credible|extrasensory-single-location-fold0-seed13-credible|extrasensory-single-location-fold1-seed13-credible|extrasensory-single-location-fold2-seed13-credible|extrasensory-single-location-fold3-seed13-credible|extrasensory-single-location-fold4-seed13-credible|extrasensory-single-phone_acc-fold0-seed13-credible|extrasensory-single-phone_acc-fold1-seed13-credible|extrasensory-single-phone_acc-fold2-seed13-credible|extrasensory-single-phone_acc-fold3-seed13-credible|extrasensory-single-phone_acc-fold4-seed13-credible|extrasensory-single-phone_gyro-fold0-seed13-credible|extrasensory-single-phone_gyro-fold1-seed13-credible|extrasensory-single-phone_gyro-fold2-seed13-credible|extrasensory-single-phone_gyro-fold3-seed13-credible|extrasensory-single-phone_gyro-fold4-seed13-credible|extrasensory-single-phone_state-fold0-seed13-credible|extrasensory-single-phone_state-fold1-seed13-credible|extrasensory-single-phone_state-fold2-seed13-credible|extrasensory-single-phone_state-fold3-seed13-credible|extrasensory-single-phone_state-fold4-seed13-credible|extrasensory-single-watch_acc-fold0-seed13-credible|extrasensory-single-watch_acc-fold1-seed13-credible|extrasensory-single-watch_acc-fold2-seed13-credible|extrasensory-single-watch_acc-fold3-seed13-credible|extrasensory-single-watch_acc-fold4-seed13-credible,configs\evaluation\credible.yaml
figures/drop_each_modality_heatmap.png,extrasensory-gated-fold0-seed13-credible|extrasensory-gated-fold1-seed13-credible|extrasensory-gated-fold2-seed13-credible|extrasensory-gated-fold3-seed13-credible|extrasensory-gated-fold4-seed13-credible|extrasensory-late-fold0-seed13-credible|extrasensory-late-fold1-seed13-credible|extrasensory-late-fold2-seed13-credible|extrasensory-late-fold3-seed13-credible|extrasensory-late-fold4-seed13-credible|extrasensory-linear-fold0-seed13-credible|extrasensory-linear-fold1-seed13-credible|extrasensory-linear-fold2-seed13-credible|extrasensory-linear-fold3-seed13-credible|extrasensory-linear-fold4-seed13-credible|extrasensory-mlp-fold0-seed13-credible|extrasensory-mlp-fold1-seed13-credible|extrasensory-mlp-fold2-seed13-credible|extrasensory-mlp-fold3-seed13-credible|extrasensory-mlp-fold4-seed13-credible|extrasensory-quality-aware-fold0-seed13-credible|extrasensory-quality-aware-fold1-seed13-credible|extrasensory-quality-aware-fold2-seed13-credible|extrasensory-quality-aware-fold3-seed13-credible|extrasensory-quality-aware-fold4-seed13-credible|extrasensory-robust-gated-fold0-seed13-credible|extrasensory-robust-gated-fold1-seed13-credible|extrasensory-robust-gated-fold2-seed13-credible|extrasensory-robust-gated-fold3-seed13-credible|extrasensory-robust-gated-fold4-seed13-credible|extrasensory-single-audio-fold0-seed13-credible|extrasensory-single-audio-fold1-seed13-credible|extrasensory-single-audio-fold2-seed13-credible|extrasensory-single-audio-fold3-seed13-credible|extrasensory-single-audio-fold4-seed13-credible|extrasensory-single-location-fold0-seed13-credible|extrasensory-single-location-fold1-seed13-credible|extrasensory-single-location-fold2-seed13-credible|extrasensory-single-location-fold3-seed13-credible|extrasensory-single-location-fold4-seed13-credible|extrasensory-single-phone_acc-fold0-seed13-credible|extrasensory-single-phone_acc-fold1-seed13-credible|extrasensory-single-phone_acc-fold2-seed13-credible|extrasensory-single-phone_acc-fold3-seed13-credible|extrasensory-single-phone_acc-fold4-seed13-credible|extrasensory-single-phone_gyro-fold0-seed13-credible|extrasensory-single-phone_gyro-fold1-seed13-credible|extrasensory-single-phone_gyro-fold2-seed13-credible|extrasensory-single-phone_gyro-fold3-seed13-credible|extrasensory-single-phone_gyro-fold4-seed13-credible|extrasensory-single-phone_state-fold0-seed13-credible|extrasensory-single-phone_state-fold1-seed13-credible|extrasensory-single-phone_state-fold2-seed13-credible|extrasensory-single-phone_state-fold3-seed13-credible|extrasensory-single-phone_state-fold4-seed13-credible|extrasensory-single-watch_acc-fold0-seed13-credible|extrasensory-single-watch_acc-fold1-seed13-credible|extrasensory-single-watch_acc-fold2-seed13-credible|extrasensory-single-watch_acc-fold3-seed13-credible|extrasensory-single-watch_acc-fold4-seed13-credible,configs\evaluation\credible.yaml
figures/f1_vs_missing_modalities.png,extrasensory-gated-fold0-seed13-credible|extrasensory-gated-fold1-seed13-credible|extrasensory-gated-fold2-seed13-credible|extrasensory-gated-fold3-seed13-credible|extrasensory-gated-fold4-seed13-credible|extrasensory-late-fold0-seed13-credible|extrasensory-late-fold1-seed13-credible|extrasensory-late-fold2-seed13-credible|extrasensory-late-fold3-seed13-credible|extrasensory-late-fold4-seed13-credible|extrasensory-linear-fold0-seed13-credible|extrasensory-linear-fold1-seed13-credible|extrasensory-linear-fold2-seed13-credible|extrasensory-linear-fold3-seed13-credible|extrasensory-linear-fold4-seed13-credible|extrasensory-mlp-fold0-seed13-credible|extrasensory-mlp-fold1-seed13-credible|extrasensory-mlp-fold2-seed13-credible|extrasensory-mlp-fold3-seed13-credible|extrasensory-mlp-fold4-seed13-credible|extrasensory-quality-aware-fold0-seed13-credible|extrasensory-quality-aware-fold1-seed13-credible|extrasensory-quality-aware-fold2-seed13-credible|extrasensory-quality-aware-fold3-seed13-credible|extrasensory-quality-aware-fold4-seed13-credible|extrasensory-robust-gated-fold0-seed13-credible|extrasensory-robust-gated-fold1-seed13-credible|extrasensory-robust-gated-fold2-seed13-credible|extrasensory-robust-gated-fold3-seed13-credible|extrasensory-robust-gated-fold4-seed13-credible|extrasensory-single-audio-fold0-seed13-credible|extrasensory-single-audio-fold1-seed13-credible|extrasensory-single-audio-fold2-seed13-credible|extrasensory-single-audio-fold3-seed13-credible|extrasensory-single-audio-fold4-seed13-credible|extrasensory-single-location-fold0-seed13-credible|extrasensory-single-location-fold1-seed13-credible|extrasensory-single-location-fold2-seed13-credible|extrasensory-single-location-fold3-seed13-credible|extrasensory-single-location-fold4-seed13-credible|extrasensory-single-phone_acc-fold0-seed13-credible|extrasensory-single-phone_acc-fold1-seed13-credible|extrasensory-single-phone_acc-fold2-seed13-credible|extrasensory-single-phone_acc-fold3-seed13-credible|extrasensory-single-phone_acc-fold4-seed13-credible|extrasensory-single-phone_gyro-fold0-seed13-credible|extrasensory-single-phone_gyro-fold1-seed13-credible|extrasensory-single-phone_gyro-fold2-seed13-credible|extrasensory-single-phone_gyro-fold3-seed13-credible|extrasensory-single-phone_gyro-fold4-seed13-credible|extrasensory-single-phone_state-fold0-seed13-credible|extrasensory-single-phone_state-fold1-seed13-credible|extrasensory-single-phone_state-fold2-seed13-credible|extrasensory-single-phone_state-fold3-seed13-credible|extrasensory-single-phone_state-fold4-seed13-credible|extrasensory-single-watch_acc-fold0-seed13-credible|extrasensory-single-watch_acc-fold1-seed13-credible|extrasensory-single-watch_acc-fold2-seed13-credible|extrasensory-single-watch_acc-fold3-seed13-credible|extrasensory-single-watch_acc-fold4-seed13-credible,configs\evaluation\credible.yaml
figures/gate_weight_vs_noise.png,extrasensory-gated-fold0-seed13-credible|extrasensory-gated-fold1-seed13-credible|extrasensory-gated-fold2-seed13-credible|extrasensory-gated-fold3-seed13-credible|extrasensory-gated-fold4-seed13-credible|extrasensory-late-fold0-seed13-credible|extrasensory-late-fold1-seed13-credible|extrasensory-late-fold2-seed13-credible|extrasensory-late-fold3-seed13-credible|extrasensory-late-fold4-seed13-credible|extrasensory-linear-fold0-seed13-credible|extrasensory-linear-fold1-seed13-credible|extrasensory-linear-fold2-seed13-credible|extrasensory-linear-fold3-seed13-credible|extrasensory-linear-fold4-seed13-credible|extrasensory-mlp-fold0-seed13-credible|extrasensory-mlp-fold1-seed13-credible|extrasensory-mlp-fold2-seed13-credible|extrasensory-mlp-fold3-seed13-credible|extrasensory-mlp-fold4-seed13-credible|extrasensory-quality-aware-fold0-seed13-credible|extrasensory-quality-aware-fold1-seed13-credible|extrasensory-quality-aware-fold2-seed13-credible|extrasensory-quality-aware-fold3-seed13-credible|extrasensory-quality-aware-fold4-seed13-credible|extrasensory-robust-gated-fold0-seed13-credible|extrasensory-robust-gated-fold1-seed13-credible|extrasensory-robust-gated-fold2-seed13-credible|extrasensory-robust-gated-fold3-seed13-credible|extrasensory-robust-gated-fold4-seed13-credible|extrasensory-single-audio-fold0-seed13-credible|extrasensory-single-audio-fold1-seed13-credible|extrasensory-single-audio-fold2-seed13-credible|extrasensory-single-audio-fold3-seed13-credible|extrasensory-single-audio-fold4-seed13-credible|extrasensory-single-location-fold0-seed13-credible|extrasensory-single-location-fold1-seed13-credible|extrasensory-single-location-fold2-seed13-credible|extrasensory-single-location-fold3-seed13-credible|extrasensory-single-location-fold4-seed13-credible|extrasensory-single-phone_acc-fold0-seed13-credible|extrasensory-single-phone_acc-fold1-seed13-credible|extrasensory-single-phone_acc-fold2-seed13-credible|extrasensory-single-phone_acc-fold3-seed13-credible|extrasensory-single-phone_acc-fold4-seed13-credible|extrasensory-single-phone_gyro-fold0-seed13-credible|extrasensory-single-phone_gyro-fold1-seed13-credible|extrasensory-single-phone_gyro-fold2-seed13-credible|extrasensory-single-phone_gyro-fold3-seed13-credible|extrasensory-single-phone_gyro-fold4-seed13-credible|extrasensory-single-phone_state-fold0-seed13-credible|extrasensory-single-phone_state-fold1-seed13-credible|extrasensory-single-phone_state-fold2-seed13-credible|extrasensory-single-phone_state-fold3-seed13-credible|extrasensory-single-phone_state-fold4-seed13-credible|extrasensory-single-watch_acc-fold0-seed13-credible|extrasensory-single-watch_acc-fold1-seed13-credible|extrasensory-single-watch_acc-fold2-seed13-credible|extrasensory-single-watch_acc-fold3-seed13-credible|extrasensory-single-watch_acc-fold4-seed13-credible,configs\evaluation\credible.yaml
figures/label_prevalence.png,extrasensory-gated-fold0-seed13-credible|extrasensory-gated-fold1-seed13-credible|extrasensory-gated-fold2-seed13-credible|extrasensory-gated-fold3-seed13-credible|extrasensory-gated-fold4-seed13-credible|extrasensory-late-fold0-seed13-credible|extrasensory-late-fold1-seed13-credible|extrasensory-late-fold2-seed13-credible|extrasensory-late-fold3-seed13-credible|extrasensory-late-fold4-seed13-credible|extrasensory-linear-fold0-seed13-credible|extrasensory-linear-fold1-seed13-credible|extrasensory-linear-fold2-seed13-credible|extrasensory-linear-fold3-seed13-credible|extrasensory-linear-fold4-seed13-credible|extrasensory-mlp-fold0-seed13-credible|extrasensory-mlp-fold1-seed13-credible|extrasensory-mlp-fold2-seed13-credible|extrasensory-mlp-fold3-seed13-credible|extrasensory-mlp-fold4-seed13-credible|extrasensory-quality-aware-fold0-seed13-credible|extrasensory-quality-aware-fold1-seed13-credible|extrasensory-quality-aware-fold2-seed13-credible|extrasensory-quality-aware-fold3-seed13-credible|extrasensory-quality-aware-fold4-seed13-credible|extrasensory-robust-gated-fold0-seed13-credible|extrasensory-robust-gated-fold1-seed13-credible|extrasensory-robust-gated-fold2-seed13-credible|extrasensory-robust-gated-fold3-seed13-credible|extrasensory-robust-gated-fold4-seed13-credible|extrasensory-single-audio-fold0-seed13-credible|extrasensory-single-audio-fold1-seed13-credible|extrasensory-single-audio-fold2-seed13-credible|extrasensory-single-audio-fold3-seed13-credible|extrasensory-single-audio-fold4-seed13-credible|extrasensory-single-location-fold0-seed13-credible|extrasensory-single-location-fold1-seed13-credible|extrasensory-single-location-fold2-seed13-credible|extrasensory-single-location-fold3-seed13-credible|extrasensory-single-location-fold4-seed13-credible|extrasensory-single-phone_acc-fold0-seed13-credible|extrasensory-single-phone_acc-fold1-seed13-credible|extrasensory-single-phone_acc-fold2-seed13-credible|extrasensory-single-phone_acc-fold3-seed13-credible|extrasensory-single-phone_acc-fold4-seed13-credible|extrasensory-single-phone_gyro-fold0-seed13-credible|extrasensory-single-phone_gyro-fold1-seed13-credible|extrasensory-single-phone_gyro-fold2-seed13-credible|extrasensory-single-phone_gyro-fold3-seed13-credible|extrasensory-single-phone_gyro-fold4-seed13-credible|extrasensory-single-phone_state-fold0-seed13-credible|extrasensory-single-phone_state-fold1-seed13-credible|extrasensory-single-phone_state-fold2-seed13-credible|extrasensory-single-phone_state-fold3-seed13-credible|extrasensory-single-phone_state-fold4-seed13-credible|extrasensory-single-watch_acc-fold0-seed13-credible|extrasensory-single-watch_acc-fold1-seed13-credible|extrasensory-single-watch_acc-fold2-seed13-credible|extrasensory-single-watch_acc-fold3-seed13-credible|extrasensory-single-watch_acc-fold4-seed13-credible,configs\evaluation\credible.yaml
figures/modality_missingness.png,extrasensory-gated-fold0-seed13-credible|extrasensory-gated-fold1-seed13-credible|extrasensory-gated-fold2-seed13-credible|extrasensory-gated-fold3-seed13-credible|extrasensory-gated-fold4-seed13-credible|extrasensory-late-fold0-seed13-credible|extrasensory-late-fold1-seed13-credible|extrasensory-late-fold2-seed13-credible|extrasensory-late-fold3-seed13-credible|extrasensory-late-fold4-seed13-credible|extrasensory-linear-fold0-seed13-credible|extrasensory-linear-fold1-seed13-credible|extrasensory-linear-fold2-seed13-credible|extrasensory-linear-fold3-seed13-credible|extrasensory-linear-fold4-seed13-credible|extrasensory-mlp-fold0-seed13-credible|extrasensory-mlp-fold1-seed13-credible|extrasensory-mlp-fold2-seed13-credible|extrasensory-mlp-fold3-seed13-credible|extrasensory-mlp-fold4-seed13-credible|extrasensory-quality-aware-fold0-seed13-credible|extrasensory-quality-aware-fold1-seed13-credible|extrasensory-quality-aware-fold2-seed13-credible|extrasensory-quality-aware-fold3-seed13-credible|extrasensory-quality-aware-fold4-seed13-credible|extrasensory-robust-gated-fold0-seed13-credible|extrasensory-robust-gated-fold1-seed13-credible|extrasensory-robust-gated-fold2-seed13-credible|extrasensory-robust-gated-fold3-seed13-credible|extrasensory-robust-gated-fold4-seed13-credible|extrasensory-single-audio-fold0-seed13-credible|extrasensory-single-audio-fold1-seed13-credible|extrasensory-single-audio-fold2-seed13-credible|extrasensory-single-audio-fold3-seed13-credible|extrasensory-single-audio-fold4-seed13-credible|extrasensory-single-location-fold0-seed13-credible|extrasensory-single-location-fold1-seed13-credible|extrasensory-single-location-fold2-seed13-credible|extrasensory-single-location-fold3-seed13-credible|extrasensory-single-location-fold4-seed13-credible|extrasensory-single-phone_acc-fold0-seed13-credible|extrasensory-single-phone_acc-fold1-seed13-credible|extrasensory-single-phone_acc-fold2-seed13-credible|extrasensory-single-phone_acc-fold3-seed13-credible|extrasensory-single-phone_acc-fold4-seed13-credible|extrasensory-single-phone_gyro-fold0-seed13-credible|extrasensory-single-phone_gyro-fold1-seed13-credible|extrasensory-single-phone_gyro-fold2-seed13-credible|extrasensory-single-phone_gyro-fold3-seed13-credible|extrasensory-single-phone_gyro-fold4-seed13-credible|extrasensory-single-phone_state-fold0-seed13-credible|extrasensory-single-phone_state-fold1-seed13-credible|extrasensory-single-phone_state-fold2-seed13-credible|extrasensory-single-phone_state-fold3-seed13-credible|extrasensory-single-phone_state-fold4-seed13-credible|extrasensory-single-watch_acc-fold0-seed13-credible|extrasensory-single-watch_acc-fold1-seed13-credible|extrasensory-single-watch_acc-fold2-seed13-credible|extrasensory-single-watch_acc-fold3-seed13-credible|extrasensory-single-watch_acc-fold4-seed13-credible,configs\evaluation\credible.yaml
figures/model_overview.png,extrasensory-gated-fold0-seed13-credible|extrasensory-gated-fold1-seed13-credible|extrasensory-gated-fold2-seed13-credible|extrasensory-gated-fold3-seed13-credible|extrasensory-gated-fold4-seed13-credible|extrasensory-late-fold0-seed13-credible|extrasensory-late-fold1-seed13-credible|extrasensory-late-fold2-seed13-credible|extrasensory-late-fold3-seed13-credible|extrasensory-late-fold4-seed13-credible|extrasensory-linear-fold0-seed13-credible|extrasensory-linear-fold1-seed13-credible|extrasensory-linear-fold2-seed13-credible|extrasensory-linear-fold3-seed13-credible|extrasensory-linear-fold4-seed13-credible|extrasensory-mlp-fold0-seed13-credible|extrasensory-mlp-fold1-seed13-credible|extrasensory-mlp-fold2-seed13-credible|extrasensory-mlp-fold3-seed13-credible|extrasensory-mlp-fold4-seed13-credible|extrasensory-quality-aware-fold0-seed13-credible|extrasensory-quality-aware-fold1-seed13-credible|extrasensory-quality-aware-fold2-seed13-credible|extrasensory-quality-aware-fold3-seed13-credible|extrasensory-quality-aware-fold4-seed13-credible|extrasensory-robust-gated-fold0-seed13-credible|extrasensory-robust-gated-fold1-seed13-credible|extrasensory-robust-gated-fold2-seed13-credible|extrasensory-robust-gated-fold3-seed13-credible|extrasensory-robust-gated-fold4-seed13-credible|extrasensory-single-audio-fold0-seed13-credible|extrasensory-single-audio-fold1-seed13-credible|extrasensory-single-audio-fold2-seed13-credible|extrasensory-single-audio-fold3-seed13-credible|extrasensory-single-audio-fold4-seed13-credible|extrasensory-single-location-fold0-seed13-credible|extrasensory-single-location-fold1-seed13-credible|extrasensory-single-location-fold2-seed13-credible|extrasensory-single-location-fold3-seed13-credible|extrasensory-single-location-fold4-seed13-credible|extrasensory-single-phone_acc-fold0-seed13-credible|extrasensory-single-phone_acc-fold1-seed13-credible|extrasensory-single-phone_acc-fold2-seed13-credible|extrasensory-single-phone_acc-fold3-seed13-credible|extrasensory-single-phone_acc-fold4-seed13-credible|extrasensory-single-phone_gyro-fold0-seed13-credible|extrasensory-single-phone_gyro-fold1-seed13-credible|extrasensory-single-phone_gyro-fold2-seed13-credible|extrasensory-single-phone_gyro-fold3-seed13-credible|extrasensory-single-phone_gyro-fold4-seed13-credible|extrasensory-single-phone_state-fold0-seed13-credible|extrasensory-single-phone_state-fold1-seed13-credible|extrasensory-single-phone_state-fold2-seed13-credible|extrasensory-single-phone_state-fold3-seed13-credible|extrasensory-single-phone_state-fold4-seed13-credible|extrasensory-single-watch_acc-fold0-seed13-credible|extrasensory-single-watch_acc-fold1-seed13-credible|extrasensory-single-watch_acc-fold2-seed13-credible|extrasensory-single-watch_acc-fold3-seed13-credible|extrasensory-single-watch_acc-fold4-seed13-credible,configs\evaluation\credible.yaml
figures/natural_missingness_by_available_count.png,extrasensory-gated-fold0-seed13-credible|extrasensory-gated-fold1-seed13-credible|extrasensory-gated-fold2-seed13-credible|extrasensory-gated-fold3-seed13-credible|extrasensory-gated-fold4-seed13-credible|extrasensory-late-fold0-seed13-credible|extrasensory-late-fold1-seed13-credible|extrasensory-late-fold2-seed13-credible|extrasensory-late-fold3-seed13-credible|extrasensory-late-fold4-seed13-credible|extrasensory-linear-fold0-seed13-credible|extrasensory-linear-fold1-seed13-credible|extrasensory-linear-fold2-seed13-credible|extrasensory-linear-fold3-seed13-credible|extrasensory-linear-fold4-seed13-credible|extrasensory-mlp-fold0-seed13-credible|extrasensory-mlp-fold1-seed13-credible|extrasensory-mlp-fold2-seed13-credible|extrasensory-mlp-fold3-seed13-credible|extrasensory-mlp-fold4-seed13-credible|extrasensory-quality-aware-fold0-seed13-credible|extrasensory-quality-aware-fold1-seed13-credible|extrasensory-quality-aware-fold2-seed13-credible|extrasensory-quality-aware-fold3-seed13-credible|extrasensory-quality-aware-fold4-seed13-credible|extrasensory-robust-gated-fold0-seed13-credible|extrasensory-robust-gated-fold1-seed13-credible|extrasensory-robust-gated-fold2-seed13-credible|extrasensory-robust-gated-fold3-seed13-credible|extrasensory-robust-gated-fold4-seed13-credible|extrasensory-single-audio-fold0-seed13-credible|extrasensory-single-audio-fold1-seed13-credible|extrasensory-single-audio-fold2-seed13-credible|extrasensory-single-audio-fold3-seed13-credible|extrasensory-single-audio-fold4-seed13-credible|extrasensory-single-location-fold0-seed13-credible|extrasensory-single-location-fold1-seed13-credible|extrasensory-single-location-fold2-seed13-credible|extrasensory-single-location-fold3-seed13-credible|extrasensory-single-location-fold4-seed13-credible|extrasensory-single-phone_acc-fold0-seed13-credible|extrasensory-single-phone_acc-fold1-seed13-credible|extrasensory-single-phone_acc-fold2-seed13-credible|extrasensory-single-phone_acc-fold3-seed13-credible|extrasensory-single-phone_acc-fold4-seed13-credible|extrasensory-single-phone_gyro-fold0-seed13-credible|extrasensory-single-phone_gyro-fold1-seed13-credible|extrasensory-single-phone_gyro-fold2-seed13-credible|extrasensory-single-phone_gyro-fold3-seed13-credible|extrasensory-single-phone_gyro-fold4-seed13-credible|extrasensory-single-phone_state-fold0-seed13-credible|extrasensory-single-phone_state-fold1-seed13-credible|extrasensory-single-phone_state-fold2-seed13-credible|extrasensory-single-phone_state-fold3-seed13-credible|extrasensory-single-phone_state-fold4-seed13-credible|extrasensory-single-watch_acc-fold0-seed13-credible|extrasensory-single-watch_acc-fold1-seed13-credible|extrasensory-single-watch_acc-fold2-seed13-credible|extrasensory-single-watch_acc-fold3-seed13-credible|extrasensory-single-watch_acc-fold4-seed13-credible,configs\evaluation\credible.yaml
figures/noise_robustness_curves.png,extrasensory-gated-fold0-seed13-credible|extrasensory-gated-fold1-seed13-credible|extrasensory-gated-fold2-seed13-credible|extrasensory-gated-fold3-seed13-credible|extrasensory-gated-fold4-seed13-credible|extrasensory-late-fold0-seed13-credible|extrasensory-late-fold1-seed13-credible|extrasensory-late-fold2-seed13-credible|extrasensory-late-fold3-seed13-credible|extrasensory-late-fold4-seed13-credible|extrasensory-linear-fold0-seed13-credible|extrasensory-linear-fold1-seed13-credible|extrasensory-linear-fold2-seed13-credible|extrasensory-linear-fold3-seed13-credible|extrasensory-linear-fold4-seed13-credible|extrasensory-mlp-fold0-seed13-credible|extrasensory-mlp-fold1-seed13-credible|extrasensory-mlp-fold2-seed13-credible|extrasensory-mlp-fold3-seed13-credible|extrasensory-mlp-fold4-seed13-credible|extrasensory-quality-aware-fold0-seed13-credible|extrasensory-quality-aware-fold1-seed13-credible|extrasensory-quality-aware-fold2-seed13-credible|extrasensory-quality-aware-fold3-seed13-credible|extrasensory-quality-aware-fold4-seed13-credible|extrasensory-robust-gated-fold0-seed13-credible|extrasensory-robust-gated-fold1-seed13-credible|extrasensory-robust-gated-fold2-seed13-credible|extrasensory-robust-gated-fold3-seed13-credible|extrasensory-robust-gated-fold4-seed13-credible|extrasensory-single-audio-fold0-seed13-credible|extrasensory-single-audio-fold1-seed13-credible|extrasensory-single-audio-fold2-seed13-credible|extrasensory-single-audio-fold3-seed13-credible|extrasensory-single-audio-fold4-seed13-credible|extrasensory-single-location-fold0-seed13-credible|extrasensory-single-location-fold1-seed13-credible|extrasensory-single-location-fold2-seed13-credible|extrasensory-single-location-fold3-seed13-credible|extrasensory-single-location-fold4-seed13-credible|extrasensory-single-phone_acc-fold0-seed13-credible|extrasensory-single-phone_acc-fold1-seed13-credible|extrasensory-single-phone_acc-fold2-seed13-credible|extrasensory-single-phone_acc-fold3-seed13-credible|extrasensory-single-phone_acc-fold4-seed13-credible|extrasensory-single-phone_gyro-fold0-seed13-credible|extrasensory-single-phone_gyro-fold1-seed13-credible|extrasensory-single-phone_gyro-fold2-seed13-credible|extrasensory-single-phone_gyro-fold3-seed13-credible|extrasensory-single-phone_gyro-fold4-seed13-credible|extrasensory-single-phone_state-fold0-seed13-credible|extrasensory-single-phone_state-fold1-seed13-credible|extrasensory-single-phone_state-fold2-seed13-credible|extrasensory-single-phone_state-fold3-seed13-credible|extrasensory-single-phone_state-fold4-seed13-credible|extrasensory-single-watch_acc-fold0-seed13-credible|extrasensory-single-watch_acc-fold1-seed13-credible|extrasensory-single-watch_acc-fold2-seed13-credible|extrasensory-single-watch_acc-fold3-seed13-credible|extrasensory-single-watch_acc-fold4-seed13-credible,configs\evaluation\credible.yaml
figures/per_label_f1.png,extrasensory-gated-fold0-seed13-credible|extrasensory-gated-fold1-seed13-credible|extrasensory-gated-fold2-seed13-credible|extrasensory-gated-fold3-seed13-credible|extrasensory-gated-fold4-seed13-credible|extrasensory-late-fold0-seed13-credible|extrasensory-late-fold1-seed13-credible|extrasensory-late-fold2-seed13-credible|extrasensory-late-fold3-seed13-credible|extrasensory-late-fold4-seed13-credible|extrasensory-linear-fold0-seed13-credible|extrasensory-linear-fold1-seed13-credible|extrasensory-linear-fold2-seed13-credible|extrasensory-linear-fold3-seed13-credible|extrasensory-linear-fold4-seed13-credible|extrasensory-mlp-fold0-seed13-credible|extrasensory-mlp-fold1-seed13-credible|extrasensory-mlp-fold2-seed13-credible|extrasensory-mlp-fold3-seed13-credible|extrasensory-mlp-fold4-seed13-credible|extrasensory-quality-aware-fold0-seed13-credible|extrasensory-quality-aware-fold1-seed13-credible|extrasensory-quality-aware-fold2-seed13-credible|extrasensory-quality-aware-fold3-seed13-credible|extrasensory-quality-aware-fold4-seed13-credible|extrasensory-robust-gated-fold0-seed13-credible|extrasensory-robust-gated-fold1-seed13-credible|extrasensory-robust-gated-fold2-seed13-credible|extrasensory-robust-gated-fold3-seed13-credible|extrasensory-robust-gated-fold4-seed13-credible|extrasensory-single-audio-fold0-seed13-credible|extrasensory-single-audio-fold1-seed13-credible|extrasensory-single-audio-fold2-seed13-credible|extrasensory-single-audio-fold3-seed13-credible|extrasensory-single-audio-fold4-seed13-credible|extrasensory-single-location-fold0-seed13-credible|extrasensory-single-location-fold1-seed13-credible|extrasensory-single-location-fold2-seed13-credible|extrasensory-single-location-fold3-seed13-credible|extrasensory-single-location-fold4-seed13-credible|extrasensory-single-phone_acc-fold0-seed13-credible|extrasensory-single-phone_acc-fold1-seed13-credible|extrasensory-single-phone_acc-fold2-seed13-credible|extrasensory-single-phone_acc-fold3-seed13-credible|extrasensory-single-phone_acc-fold4-seed13-credible|extrasensory-single-phone_gyro-fold0-seed13-credible|extrasensory-single-phone_gyro-fold1-seed13-credible|extrasensory-single-phone_gyro-fold2-seed13-credible|extrasensory-single-phone_gyro-fold3-seed13-credible|extrasensory-single-phone_gyro-fold4-seed13-credible|extrasensory-single-phone_state-fold0-seed13-credible|extrasensory-single-phone_state-fold1-seed13-credible|extrasensory-single-phone_state-fold2-seed13-credible|extrasensory-single-phone_state-fold3-seed13-credible|extrasensory-single-phone_state-fold4-seed13-credible|extrasensory-single-watch_acc-fold0-seed13-credible|extrasensory-single-watch_acc-fold1-seed13-credible|extrasensory-single-watch_acc-fold2-seed13-credible|extrasensory-single-watch_acc-fold3-seed13-credible|extrasensory-single-watch_acc-fold4-seed13-credible,configs\evaluation\credible.yaml
figures/reliability_vs_noise.png,extrasensory-gated-fold0-seed13-credible|extrasensory-gated-fold1-seed13-credible|extrasensory-gated-fold2-seed13-credible|extrasensory-gated-fold3-seed13-credible|extrasensory-gated-fold4-seed13-credible|extrasensory-late-fold0-seed13-credible|extrasensory-late-fold1-seed13-credible|extrasensory-late-fold2-seed13-credible|extrasensory-late-fold3-seed13-credible|extrasensory-late-fold4-seed13-credible|extrasensory-linear-fold0-seed13-credible|extrasensory-linear-fold1-seed13-credible|extrasensory-linear-fold2-seed13-credible|extrasensory-linear-fold3-seed13-credible|extrasensory-linear-fold4-seed13-credible|extrasensory-mlp-fold0-seed13-credible|extrasensory-mlp-fold1-seed13-credible|extrasensory-mlp-fold2-seed13-credible|extrasensory-mlp-fold3-seed13-credible|extrasensory-mlp-fold4-seed13-credible|extrasensory-quality-aware-fold0-seed13-credible|extrasensory-quality-aware-fold1-seed13-credible|extrasensory-quality-aware-fold2-seed13-credible|extrasensory-quality-aware-fold3-seed13-credible|extrasensory-quality-aware-fold4-seed13-credible|extrasensory-robust-gated-fold0-seed13-credible|extrasensory-robust-gated-fold1-seed13-credible|extrasensory-robust-gated-fold2-seed13-credible|extrasensory-robust-gated-fold3-seed13-credible|extrasensory-robust-gated-fold4-seed13-credible|extrasensory-single-audio-fold0-seed13-credible|extrasensory-single-audio-fold1-seed13-credible|extrasensory-single-audio-fold2-seed13-credible|extrasensory-single-audio-fold3-seed13-credible|extrasensory-single-audio-fold4-seed13-credible|extrasensory-single-location-fold0-seed13-credible|extrasensory-single-location-fold1-seed13-credible|extrasensory-single-location-fold2-seed13-credible|extrasensory-single-location-fold3-seed13-credible|extrasensory-single-location-fold4-seed13-credible|extrasensory-single-phone_acc-fold0-seed13-credible|extrasensory-single-phone_acc-fold1-seed13-credible|extrasensory-single-phone_acc-fold2-seed13-credible|extrasensory-single-phone_acc-fold3-seed13-credible|extrasensory-single-phone_acc-fold4-seed13-credible|extrasensory-single-phone_gyro-fold0-seed13-credible|extrasensory-single-phone_gyro-fold1-seed13-credible|extrasensory-single-phone_gyro-fold2-seed13-credible|extrasensory-single-phone_gyro-fold3-seed13-credible|extrasensory-single-phone_gyro-fold4-seed13-credible|extrasensory-single-phone_state-fold0-seed13-credible|extrasensory-single-phone_state-fold1-seed13-credible|extrasensory-single-phone_state-fold2-seed13-credible|extrasensory-single-phone_state-fold3-seed13-credible|extrasensory-single-phone_state-fold4-seed13-credible|extrasensory-single-watch_acc-fold0-seed13-credible|extrasensory-single-watch_acc-fold1-seed13-credible|extrasensory-single-watch_acc-fold2-seed13-credible|extrasensory-single-watch_acc-fold3-seed13-credible|extrasensory-single-watch_acc-fold4-seed13-credible,configs\evaluation\credible.yaml
readme_source_map.csv,extrasensory-gated-fold0-seed13-credible|extrasensory-gated-fold1-seed13-credible|extrasensory-gated-fold2-seed13-credible|extrasensory-gated-fold3-seed13-credible|extrasensory-gated-fold4-seed13-credible|extrasensory-late-fold0-seed13-credible|extrasensory-late-fold1-seed13-credible|extrasensory-late-fold2-seed13-credible|extrasensory-late-fold3-seed13-credible|extrasensory-late-fold4-seed13-credible|extrasensory-linear-fold0-seed13-credible|extrasensory-linear-fold1-seed13-credible|extrasensory-linear-fold2-seed13-credible|extrasensory-linear-fold3-seed13-credible|extrasensory-linear-fold4-seed13-credible|extrasensory-mlp-fold0-seed13-credible|extrasensory-mlp-fold1-seed13-credible|extrasensory-mlp-fold2-seed13-credible|extrasensory-mlp-fold3-seed13-credible|extrasensory-mlp-fold4-seed13-credible|extrasensory-quality-aware-fold0-seed13-credible|extrasensory-quality-aware-fold1-seed13-credible|extrasensory-quality-aware-fold2-seed13-credible|extrasensory-quality-aware-fold3-seed13-credible|extrasensory-quality-aware-fold4-seed13-credible|extrasensory-robust-gated-fold0-seed13-credible|extrasensory-robust-gated-fold1-seed13-credible|extrasensory-robust-gated-fold2-seed13-credible|extrasensory-robust-gated-fold3-seed13-credible|extrasensory-robust-gated-fold4-seed13-credible|extrasensory-single-audio-fold0-seed13-credible|extrasensory-single-audio-fold1-seed13-credible|extrasensory-single-audio-fold2-seed13-credible|extrasensory-single-audio-fold3-seed13-credible|extrasensory-single-audio-fold4-seed13-credible|extrasensory-single-location-fold0-seed13-credible|extrasensory-single-location-fold1-seed13-credible|extrasensory-single-location-fold2-seed13-credible|extrasensory-single-location-fold3-seed13-credible|extrasensory-single-location-fold4-seed13-credible|extrasensory-single-phone_acc-fold0-seed13-credible|extrasensory-single-phone_acc-fold1-seed13-credible|extrasensory-single-phone_acc-fold2-seed13-credible|extrasensory-single-phone_acc-fold3-seed13-credible|extrasensory-single-phone_acc-fold4-seed13-credible|extrasensory-single-phone_gyro-fold0-seed13-credible|extrasensory-single-phone_gyro-fold1-seed13-credible|extrasensory-single-phone_gyro-fold2-seed13-credible|extrasensory-single-phone_gyro-fold3-seed13-credible|extrasensory-single-phone_gyro-fold4-seed13-credible|extrasensory-single-phone_state-fold0-seed13-credible|extrasensory-single-phone_state-fold1-seed13-credible|extrasensory-single-phone_state-fold2-seed13-credible|extrasensory-single-phone_state-fold3-seed13-credible|extrasensory-single-phone_state-fold4-seed13-credible|extrasensory-single-watch_acc-fold0-seed13-credible|extrasensory-single-watch_acc-fold1-seed13-credible|extrasensory-single-watch_acc-fold2-seed13-credible|extrasensory-single-watch_acc-fold3-seed13-credible|extrasensory-single-watch_acc-fold4-seed13-credible,configs\evaluation\credible.yaml
run_completeness.json,extrasensory-gated-fold0-seed13-credible|extrasensory-gated-fold1-seed13-credible|extrasensory-gated-fold2-seed13-credible|extrasensory-gated-fold3-seed13-credible|extrasensory-gated-fold4-seed13-credible|extrasensory-late-fold0-seed13-credible|extrasensory-late-fold1-seed13-credible|extrasensory-late-fold2-seed13-credible|extrasensory-late-fold3-seed13-credible|extrasensory-late-fold4-seed13-credible|extrasensory-linear-fold0-seed13-credible|extrasensory-linear-fold1-seed13-credible|extrasensory-linear-fold2-seed13-credible|extrasensory-linear-fold3-seed13-credible|extrasensory-linear-fold4-seed13-credible|extrasensory-mlp-fold0-seed13-credible|extrasensory-mlp-fold1-seed13-credible|extrasensory-mlp-fold2-seed13-credible|extrasensory-mlp-fold3-seed13-credible|extrasensory-mlp-fold4-seed13-credible|extrasensory-quality-aware-fold0-seed13-credible|extrasensory-quality-aware-fold1-seed13-credible|extrasensory-quality-aware-fold2-seed13-credible|extrasensory-quality-aware-fold3-seed13-credible|extrasensory-quality-aware-fold4-seed13-credible|extrasensory-robust-gated-fold0-seed13-credible|extrasensory-robust-gated-fold1-seed13-credible|extrasensory-robust-gated-fold2-seed13-credible|extrasensory-robust-gated-fold3-seed13-credible|extrasensory-robust-gated-fold4-seed13-credible|extrasensory-single-audio-fold0-seed13-credible|extrasensory-single-audio-fold1-seed13-credible|extrasensory-single-audio-fold2-seed13-credible|extrasensory-single-audio-fold3-seed13-credible|extrasensory-single-audio-fold4-seed13-credible|extrasensory-single-location-fold0-seed13-credible|extrasensory-single-location-fold1-seed13-credible|extrasensory-single-location-fold2-seed13-credible|extrasensory-single-location-fold3-seed13-credible|extrasensory-single-location-fold4-seed13-credible|extrasensory-single-phone_acc-fold0-seed13-credible|extrasensory-single-phone_acc-fold1-seed13-credible|extrasensory-single-phone_acc-fold2-seed13-credible|extrasensory-single-phone_acc-fold3-seed13-credible|extrasensory-single-phone_acc-fold4-seed13-credible|extrasensory-single-phone_gyro-fold0-seed13-credible|extrasensory-single-phone_gyro-fold1-seed13-credible|extrasensory-single-phone_gyro-fold2-seed13-credible|extrasensory-single-phone_gyro-fold3-seed13-credible|extrasensory-single-phone_gyro-fold4-seed13-credible|extrasensory-single-phone_state-fold0-seed13-credible|extrasensory-single-phone_state-fold1-seed13-credible|extrasensory-single-phone_state-fold2-seed13-credible|extrasensory-single-phone_state-fold3-seed13-credible|extrasensory-single-phone_state-fold4-seed13-credible|extrasensory-single-watch_acc-fold0-seed13-credible|extrasensory-single-watch_acc-fold1-seed13-credible|extrasensory-single-watch_acc-fold2-seed13-credible|extrasensory-single-watch_acc-fold3-seed13-credible|extrasensory-single-watch_acc-fold4-seed13-credible,configs\evaluation\credible.yaml
source_map.csv,extrasensory-gated-fold0-seed13-credible|extrasensory-gated-fold1-seed13-credible|extrasensory-gated-fold2-seed13-credible|extrasensory-gated-fold3-seed13-credible|extrasensory-gated-fold4-seed13-credible|extrasensory-late-fold0-seed13-credible|extrasensory-late-fold1-seed13-credible|extrasensory-late-fold2-seed13-credible|extrasensory-late-fold3-seed13-credible|extrasensory-late-fold4-seed13-credible|extrasensory-linear-fold0-seed13-credible|extrasensory-linear-fold1-seed13-credible|extrasensory-linear-fold2-seed13-credible|extrasensory-linear-fold3-seed13-credible|extrasensory-linear-fold4-seed13-credible|extrasensory-mlp-fold0-seed13-credible|extrasensory-mlp-fold1-seed13-credible|extrasensory-mlp-fold2-seed13-credible|extrasensory-mlp-fold3-seed13-credible|extrasensory-mlp-fold4-seed13-credible|extrasensory-quality-aware-fold0-seed13-credible|extrasensory-quality-aware-fold1-seed13-credible|extrasensory-quality-aware-fold2-seed13-credible|extrasensory-quality-aware-fold3-seed13-credible|extrasensory-quality-aware-fold4-seed13-credible|extrasensory-robust-gated-fold0-seed13-credible|extrasensory-robust-gated-fold1-seed13-credible|extrasensory-robust-gated-fold2-seed13-credible|extrasensory-robust-gated-fold3-seed13-credible|extrasensory-robust-gated-fold4-seed13-credible|extrasensory-single-audio-fold0-seed13-credible|extrasensory-single-audio-fold1-seed13-credible|extrasensory-single-audio-fold2-seed13-credible|extrasensory-single-audio-fold3-seed13-credible|extrasensory-single-audio-fold4-seed13-credible|extrasensory-single-location-fold0-seed13-credible|extrasensory-single-location-fold1-seed13-credible|extrasensory-single-location-fold2-seed13-credible|extrasensory-single-location-fold3-seed13-credible|extrasensory-single-location-fold4-seed13-credible|extrasensory-single-phone_acc-fold0-seed13-credible|extrasensory-single-phone_acc-fold1-seed13-credible|extrasensory-single-phone_acc-fold2-seed13-credible|extrasensory-single-phone_acc-fold3-seed13-credible|extrasensory-single-phone_acc-fold4-seed13-credible|extrasensory-single-phone_gyro-fold0-seed13-credible|extrasensory-single-phone_gyro-fold1-seed13-credible|extrasensory-single-phone_gyro-fold2-seed13-credible|extrasensory-single-phone_gyro-fold3-seed13-credible|extrasensory-single-phone_gyro-fold4-seed13-credible|extrasensory-single-phone_state-fold0-seed13-credible|extrasensory-single-phone_state-fold1-seed13-credible|extrasensory-single-phone_state-fold2-seed13-credible|extrasensory-single-phone_state-fold3-seed13-credible|extrasensory-single-phone_state-fold4-seed13-credible|extrasensory-single-watch_acc-fold0-seed13-credible|extrasensory-single-watch_acc-fold1-seed13-credible|extrasensory-single-watch_acc-fold2-seed13-credible|extrasensory-single-watch_acc-fold3-seed13-credible|extrasensory-single-watch_acc-fold4-seed13-credible,configs\evaluation\credible.yaml
tables/aggregate_performance.csv,extrasensory-gated-fold0-seed13-credible|extrasensory-gated-fold1-seed13-credible|extrasensory-gated-fold2-seed13-credible|extrasensory-gated-fold3-seed13-credible|extrasensory-gated-fold4-seed13-credible|extrasensory-late-fold0-seed13-credible|extrasensory-late-fold1-seed13-credible|extrasensory-late-fold2-seed13-credible|extrasensory-late-fold3-seed13-credible|extrasensory-late-fold4-seed13-credible|extrasensory-linear-fold0-seed13-credible|extrasensory-linear-fold1-seed13-credible|extrasensory-linear-fold2-seed13-credible|extrasensory-linear-fold3-seed13-credible|extrasensory-linear-fold4-seed13-credible|extrasensory-mlp-fold0-seed13-credible|extrasensory-mlp-fold1-seed13-credible|extrasensory-mlp-fold2-seed13-credible|extrasensory-mlp-fold3-seed13-credible|extrasensory-mlp-fold4-seed13-credible|extrasensory-quality-aware-fold0-seed13-credible|extrasensory-quality-aware-fold1-seed13-credible|extrasensory-quality-aware-fold2-seed13-credible|extrasensory-quality-aware-fold3-seed13-credible|extrasensory-quality-aware-fold4-seed13-credible|extrasensory-robust-gated-fold0-seed13-credible|extrasensory-robust-gated-fold1-seed13-credible|extrasensory-robust-gated-fold2-seed13-credible|extrasensory-robust-gated-fold3-seed13-credible|extrasensory-robust-gated-fold4-seed13-credible|extrasensory-single-audio-fold0-seed13-credible|extrasensory-single-audio-fold1-seed13-credible|extrasensory-single-audio-fold2-seed13-credible|extrasensory-single-audio-fold3-seed13-credible|extrasensory-single-audio-fold4-seed13-credible|extrasensory-single-location-fold0-seed13-credible|extrasensory-single-location-fold1-seed13-credible|extrasensory-single-location-fold2-seed13-credible|extrasensory-single-location-fold3-seed13-credible|extrasensory-single-location-fold4-seed13-credible|extrasensory-single-phone_acc-fold0-seed13-credible|extrasensory-single-phone_acc-fold1-seed13-credible|extrasensory-single-phone_acc-fold2-seed13-credible|extrasensory-single-phone_acc-fold3-seed13-credible|extrasensory-single-phone_acc-fold4-seed13-credible|extrasensory-single-phone_gyro-fold0-seed13-credible|extrasensory-single-phone_gyro-fold1-seed13-credible|extrasensory-single-phone_gyro-fold2-seed13-credible|extrasensory-single-phone_gyro-fold3-seed13-credible|extrasensory-single-phone_gyro-fold4-seed13-credible|extrasensory-single-phone_state-fold0-seed13-credible|extrasensory-single-phone_state-fold1-seed13-credible|extrasensory-single-phone_state-fold2-seed13-credible|extrasensory-single-phone_state-fold3-seed13-credible|extrasensory-single-phone_state-fold4-seed13-credible|extrasensory-single-watch_acc-fold0-seed13-credible|extrasensory-single-watch_acc-fold1-seed13-credible|extrasensory-single-watch_acc-fold2-seed13-credible|extrasensory-single-watch_acc-fold3-seed13-credible|extrasensory-single-watch_acc-fold4-seed13-credible,configs\evaluation\credible.yaml
tables/controlled_per_label.csv,extrasensory-gated-fold0-seed13-credible|extrasensory-gated-fold1-seed13-credible|extrasensory-gated-fold2-seed13-credible|extrasensory-gated-fold3-seed13-credible|extrasensory-gated-fold4-seed13-credible|extrasensory-late-fold0-seed13-credible|extrasensory-late-fold1-seed13-credible|extrasensory-late-fold2-seed13-credible|extrasensory-late-fold3-seed13-credible|extrasensory-late-fold4-seed13-credible|extrasensory-linear-fold0-seed13-credible|extrasensory-linear-fold1-seed13-credible|extrasensory-linear-fold2-seed13-credible|extrasensory-linear-fold3-seed13-credible|extrasensory-linear-fold4-seed13-credible|extrasensory-mlp-fold0-seed13-credible|extrasensory-mlp-fold1-seed13-credible|extrasensory-mlp-fold2-seed13-credible|extrasensory-mlp-fold3-seed13-credible|extrasensory-mlp-fold4-seed13-credible|extrasensory-quality-aware-fold0-seed13-credible|extrasensory-quality-aware-fold1-seed13-credible|extrasensory-quality-aware-fold2-seed13-credible|extrasensory-quality-aware-fold3-seed13-credible|extrasensory-quality-aware-fold4-seed13-credible|extrasensory-robust-gated-fold0-seed13-credible|extrasensory-robust-gated-fold1-seed13-credible|extrasensory-robust-gated-fold2-seed13-credible|extrasensory-robust-gated-fold3-seed13-credible|extrasensory-robust-gated-fold4-seed13-credible|extrasensory-single-audio-fold0-seed13-credible|extrasensory-single-audio-fold1-seed13-credible|extrasensory-single-audio-fold2-seed13-credible|extrasensory-single-audio-fold3-seed13-credible|extrasensory-single-audio-fold4-seed13-credible|extrasensory-single-location-fold0-seed13-credible|extrasensory-single-location-fold1-seed13-credible|extrasensory-single-location-fold2-seed13-credible|extrasensory-single-location-fold3-seed13-credible|extrasensory-single-location-fold4-seed13-credible|extrasensory-single-phone_acc-fold0-seed13-credible|extrasensory-single-phone_acc-fold1-seed13-credible|extrasensory-single-phone_acc-fold2-seed13-credible|extrasensory-single-phone_acc-fold3-seed13-credible|extrasensory-single-phone_acc-fold4-seed13-credible|extrasensory-single-phone_gyro-fold0-seed13-credible|extrasensory-single-phone_gyro-fold1-seed13-credible|extrasensory-single-phone_gyro-fold2-seed13-credible|extrasensory-single-phone_gyro-fold3-seed13-credible|extrasensory-single-phone_gyro-fold4-seed13-credible|extrasensory-single-phone_state-fold0-seed13-credible|extrasensory-single-phone_state-fold1-seed13-credible|extrasensory-single-phone_state-fold2-seed13-credible|extrasensory-single-phone_state-fold3-seed13-credible|extrasensory-single-phone_state-fold4-seed13-credible|extrasensory-single-watch_acc-fold0-seed13-credible|extrasensory-single-watch_acc-fold1-seed13-credible|extrasensory-single-watch_acc-fold2-seed13-credible|extrasensory-single-watch_acc-fold3-seed13-credible|extrasensory-single-watch_acc-fold4-seed13-credible,configs\evaluation\credible.yaml
tables/e1_clean_performance.csv,extrasensory-gated-fold0-seed13-credible|extrasensory-gated-fold1-seed13-credible|extrasensory-gated-fold2-seed13-credible|extrasensory-gated-fold3-seed13-credible|extrasensory-gated-fold4-seed13-credible|extrasensory-late-fold0-seed13-credible|extrasensory-late-fold1-seed13-credible|extrasensory-late-fold2-seed13-credible|extrasensory-late-fold3-seed13-credible|extrasensory-late-fold4-seed13-credible|extrasensory-linear-fold0-seed13-credible|extrasensory-linear-fold1-seed13-credible|extrasensory-linear-fold2-seed13-credible|extrasensory-linear-fold3-seed13-credible|extrasensory-linear-fold4-seed13-credible|extrasensory-mlp-fold0-seed13-credible|extrasensory-mlp-fold1-seed13-credible|extrasensory-mlp-fold2-seed13-credible|extrasensory-mlp-fold3-seed13-credible|extrasensory-mlp-fold4-seed13-credible|extrasensory-quality-aware-fold0-seed13-credible|extrasensory-quality-aware-fold1-seed13-credible|extrasensory-quality-aware-fold2-seed13-credible|extrasensory-quality-aware-fold3-seed13-credible|extrasensory-quality-aware-fold4-seed13-credible|extrasensory-robust-gated-fold0-seed13-credible|extrasensory-robust-gated-fold1-seed13-credible|extrasensory-robust-gated-fold2-seed13-credible|extrasensory-robust-gated-fold3-seed13-credible|extrasensory-robust-gated-fold4-seed13-credible|extrasensory-single-audio-fold0-seed13-credible|extrasensory-single-audio-fold1-seed13-credible|extrasensory-single-audio-fold2-seed13-credible|extrasensory-single-audio-fold3-seed13-credible|extrasensory-single-audio-fold4-seed13-credible|extrasensory-single-location-fold0-seed13-credible|extrasensory-single-location-fold1-seed13-credible|extrasensory-single-location-fold2-seed13-credible|extrasensory-single-location-fold3-seed13-credible|extrasensory-single-location-fold4-seed13-credible|extrasensory-single-phone_acc-fold0-seed13-credible|extrasensory-single-phone_acc-fold1-seed13-credible|extrasensory-single-phone_acc-fold2-seed13-credible|extrasensory-single-phone_acc-fold3-seed13-credible|extrasensory-single-phone_acc-fold4-seed13-credible|extrasensory-single-phone_gyro-fold0-seed13-credible|extrasensory-single-phone_gyro-fold1-seed13-credible|extrasensory-single-phone_gyro-fold2-seed13-credible|extrasensory-single-phone_gyro-fold3-seed13-credible|extrasensory-single-phone_gyro-fold4-seed13-credible|extrasensory-single-phone_state-fold0-seed13-credible|extrasensory-single-phone_state-fold1-seed13-credible|extrasensory-single-phone_state-fold2-seed13-credible|extrasensory-single-phone_state-fold3-seed13-credible|extrasensory-single-phone_state-fold4-seed13-credible|extrasensory-single-watch_acc-fold0-seed13-credible|extrasensory-single-watch_acc-fold1-seed13-credible|extrasensory-single-watch_acc-fold2-seed13-credible|extrasensory-single-watch_acc-fold3-seed13-credible|extrasensory-single-watch_acc-fold4-seed13-credible,configs\evaluation\credible.yaml
tables/e2_natural_by_available_count.csv,extrasensory-gated-fold0-seed13-credible|extrasensory-gated-fold1-seed13-credible|extrasensory-gated-fold2-seed13-credible|extrasensory-gated-fold3-seed13-credible|extrasensory-gated-fold4-seed13-credible|extrasensory-late-fold0-seed13-credible|extrasensory-late-fold1-seed13-credible|extrasensory-late-fold2-seed13-credible|extrasensory-late-fold3-seed13-credible|extrasensory-late-fold4-seed13-credible|extrasensory-linear-fold0-seed13-credible|extrasensory-linear-fold1-seed13-credible|extrasensory-linear-fold2-seed13-credible|extrasensory-linear-fold3-seed13-credible|extrasensory-linear-fold4-seed13-credible|extrasensory-mlp-fold0-seed13-credible|extrasensory-mlp-fold1-seed13-credible|extrasensory-mlp-fold2-seed13-credible|extrasensory-mlp-fold3-seed13-credible|extrasensory-mlp-fold4-seed13-credible|extrasensory-quality-aware-fold0-seed13-credible|extrasensory-quality-aware-fold1-seed13-credible|extrasensory-quality-aware-fold2-seed13-credible|extrasensory-quality-aware-fold3-seed13-credible|extrasensory-quality-aware-fold4-seed13-credible|extrasensory-robust-gated-fold0-seed13-credible|extrasensory-robust-gated-fold1-seed13-credible|extrasensory-robust-gated-fold2-seed13-credible|extrasensory-robust-gated-fold3-seed13-credible|extrasensory-robust-gated-fold4-seed13-credible|extrasensory-single-audio-fold0-seed13-credible|extrasensory-single-audio-fold1-seed13-credible|extrasensory-single-audio-fold2-seed13-credible|extrasensory-single-audio-fold3-seed13-credible|extrasensory-single-audio-fold4-seed13-credible|extrasensory-single-location-fold0-seed13-credible|extrasensory-single-location-fold1-seed13-credible|extrasensory-single-location-fold2-seed13-credible|extrasensory-single-location-fold3-seed13-credible|extrasensory-single-location-fold4-seed13-credible|extrasensory-single-phone_acc-fold0-seed13-credible|extrasensory-single-phone_acc-fold1-seed13-credible|extrasensory-single-phone_acc-fold2-seed13-credible|extrasensory-single-phone_acc-fold3-seed13-credible|extrasensory-single-phone_acc-fold4-seed13-credible|extrasensory-single-phone_gyro-fold0-seed13-credible|extrasensory-single-phone_gyro-fold1-seed13-credible|extrasensory-single-phone_gyro-fold2-seed13-credible|extrasensory-single-phone_gyro-fold3-seed13-credible|extrasensory-single-phone_gyro-fold4-seed13-credible|extrasensory-single-phone_state-fold0-seed13-credible|extrasensory-single-phone_state-fold1-seed13-credible|extrasensory-single-phone_state-fold2-seed13-credible|extrasensory-single-phone_state-fold3-seed13-credible|extrasensory-single-phone_state-fold4-seed13-credible|extrasensory-single-watch_acc-fold0-seed13-credible|extrasensory-single-watch_acc-fold1-seed13-credible|extrasensory-single-watch_acc-fold2-seed13-credible|extrasensory-single-watch_acc-fold3-seed13-credible|extrasensory-single-watch_acc-fold4-seed13-credible,configs\evaluation\credible.yaml
tables/e2_natural_missingness.csv,extrasensory-gated-fold0-seed13-credible|extrasensory-gated-fold1-seed13-credible|extrasensory-gated-fold2-seed13-credible|extrasensory-gated-fold3-seed13-credible|extrasensory-gated-fold4-seed13-credible|extrasensory-late-fold0-seed13-credible|extrasensory-late-fold1-seed13-credible|extrasensory-late-fold2-seed13-credible|extrasensory-late-fold3-seed13-credible|extrasensory-late-fold4-seed13-credible|extrasensory-linear-fold0-seed13-credible|extrasensory-linear-fold1-seed13-credible|extrasensory-linear-fold2-seed13-credible|extrasensory-linear-fold3-seed13-credible|extrasensory-linear-fold4-seed13-credible|extrasensory-mlp-fold0-seed13-credible|extrasensory-mlp-fold1-seed13-credible|extrasensory-mlp-fold2-seed13-credible|extrasensory-mlp-fold3-seed13-credible|extrasensory-mlp-fold4-seed13-credible|extrasensory-quality-aware-fold0-seed13-credible|extrasensory-quality-aware-fold1-seed13-credible|extrasensory-quality-aware-fold2-seed13-credible|extrasensory-quality-aware-fold3-seed13-credible|extrasensory-quality-aware-fold4-seed13-credible|extrasensory-robust-gated-fold0-seed13-credible|extrasensory-robust-gated-fold1-seed13-credible|extrasensory-robust-gated-fold2-seed13-credible|extrasensory-robust-gated-fold3-seed13-credible|extrasensory-robust-gated-fold4-seed13-credible|extrasensory-single-audio-fold0-seed13-credible|extrasensory-single-audio-fold1-seed13-credible|extrasensory-single-audio-fold2-seed13-credible|extrasensory-single-audio-fold3-seed13-credible|extrasensory-single-audio-fold4-seed13-credible|extrasensory-single-location-fold0-seed13-credible|extrasensory-single-location-fold1-seed13-credible|extrasensory-single-location-fold2-seed13-credible|extrasensory-single-location-fold3-seed13-credible|extrasensory-single-location-fold4-seed13-credible|extrasensory-single-phone_acc-fold0-seed13-credible|extrasensory-single-phone_acc-fold1-seed13-credible|extrasensory-single-phone_acc-fold2-seed13-credible|extrasensory-single-phone_acc-fold3-seed13-credible|extrasensory-single-phone_acc-fold4-seed13-credible|extrasensory-single-phone_gyro-fold0-seed13-credible|extrasensory-single-phone_gyro-fold1-seed13-credible|extrasensory-single-phone_gyro-fold2-seed13-credible|extrasensory-single-phone_gyro-fold3-seed13-credible|extrasensory-single-phone_gyro-fold4-seed13-credible|extrasensory-single-phone_state-fold0-seed13-credible|extrasensory-single-phone_state-fold1-seed13-credible|extrasensory-single-phone_state-fold2-seed13-credible|extrasensory-single-phone_state-fold3-seed13-credible|extrasensory-single-phone_state-fold4-seed13-credible|extrasensory-single-watch_acc-fold0-seed13-credible|extrasensory-single-watch_acc-fold1-seed13-credible|extrasensory-single-watch_acc-fold2-seed13-credible|extrasensory-single-watch_acc-fold3-seed13-credible|extrasensory-single-watch_acc-fold4-seed13-credible,configs\evaluation\credible.yaml
tables/e3_drop_each_modality.csv,extrasensory-gated-fold0-seed13-credible|extrasensory-gated-fold1-seed13-credible|extrasensory-gated-fold2-seed13-credible|extrasensory-gated-fold3-seed13-credible|extrasensory-gated-fold4-seed13-credible|extrasensory-late-fold0-seed13-credible|extrasensory-late-fold1-seed13-credible|extrasensory-late-fold2-seed13-credible|extrasensory-late-fold3-seed13-credible|extrasensory-late-fold4-seed13-credible|extrasensory-linear-fold0-seed13-credible|extrasensory-linear-fold1-seed13-credible|extrasensory-linear-fold2-seed13-credible|extrasensory-linear-fold3-seed13-credible|extrasensory-linear-fold4-seed13-credible|extrasensory-mlp-fold0-seed13-credible|extrasensory-mlp-fold1-seed13-credible|extrasensory-mlp-fold2-seed13-credible|extrasensory-mlp-fold3-seed13-credible|extrasensory-mlp-fold4-seed13-credible|extrasensory-quality-aware-fold0-seed13-credible|extrasensory-quality-aware-fold1-seed13-credible|extrasensory-quality-aware-fold2-seed13-credible|extrasensory-quality-aware-fold3-seed13-credible|extrasensory-quality-aware-fold4-seed13-credible|extrasensory-robust-gated-fold0-seed13-credible|extrasensory-robust-gated-fold1-seed13-credible|extrasensory-robust-gated-fold2-seed13-credible|extrasensory-robust-gated-fold3-seed13-credible|extrasensory-robust-gated-fold4-seed13-credible|extrasensory-single-audio-fold0-seed13-credible|extrasensory-single-audio-fold1-seed13-credible|extrasensory-single-audio-fold2-seed13-credible|extrasensory-single-audio-fold3-seed13-credible|extrasensory-single-audio-fold4-seed13-credible|extrasensory-single-location-fold0-seed13-credible|extrasensory-single-location-fold1-seed13-credible|extrasensory-single-location-fold2-seed13-credible|extrasensory-single-location-fold3-seed13-credible|extrasensory-single-location-fold4-seed13-credible|extrasensory-single-phone_acc-fold0-seed13-credible|extrasensory-single-phone_acc-fold1-seed13-credible|extrasensory-single-phone_acc-fold2-seed13-credible|extrasensory-single-phone_acc-fold3-seed13-credible|extrasensory-single-phone_acc-fold4-seed13-credible|extrasensory-single-phone_gyro-fold0-seed13-credible|extrasensory-single-phone_gyro-fold1-seed13-credible|extrasensory-single-phone_gyro-fold2-seed13-credible|extrasensory-single-phone_gyro-fold3-seed13-credible|extrasensory-single-phone_gyro-fold4-seed13-credible|extrasensory-single-phone_state-fold0-seed13-credible|extrasensory-single-phone_state-fold1-seed13-credible|extrasensory-single-phone_state-fold2-seed13-credible|extrasensory-single-phone_state-fold3-seed13-credible|extrasensory-single-phone_state-fold4-seed13-credible|extrasensory-single-watch_acc-fold0-seed13-credible|extrasensory-single-watch_acc-fold1-seed13-credible|extrasensory-single-watch_acc-fold2-seed13-credible|extrasensory-single-watch_acc-fold3-seed13-credible|extrasensory-single-watch_acc-fold4-seed13-credible,configs\evaluation\credible.yaml
tables/e4_drop_random_k.csv,extrasensory-gated-fold0-seed13-credible|extrasensory-gated-fold1-seed13-credible|extrasensory-gated-fold2-seed13-credible|extrasensory-gated-fold3-seed13-credible|extrasensory-gated-fold4-seed13-credible|extrasensory-late-fold0-seed13-credible|extrasensory-late-fold1-seed13-credible|extrasensory-late-fold2-seed13-credible|extrasensory-late-fold3-seed13-credible|extrasensory-late-fold4-seed13-credible|extrasensory-linear-fold0-seed13-credible|extrasensory-linear-fold1-seed13-credible|extrasensory-linear-fold2-seed13-credible|extrasensory-linear-fold3-seed13-credible|extrasensory-linear-fold4-seed13-credible|extrasensory-mlp-fold0-seed13-credible|extrasensory-mlp-fold1-seed13-credible|extrasensory-mlp-fold2-seed13-credible|extrasensory-mlp-fold3-seed13-credible|extrasensory-mlp-fold4-seed13-credible|extrasensory-quality-aware-fold0-seed13-credible|extrasensory-quality-aware-fold1-seed13-credible|extrasensory-quality-aware-fold2-seed13-credible|extrasensory-quality-aware-fold3-seed13-credible|extrasensory-quality-aware-fold4-seed13-credible|extrasensory-robust-gated-fold0-seed13-credible|extrasensory-robust-gated-fold1-seed13-credible|extrasensory-robust-gated-fold2-seed13-credible|extrasensory-robust-gated-fold3-seed13-credible|extrasensory-robust-gated-fold4-seed13-credible|extrasensory-single-audio-fold0-seed13-credible|extrasensory-single-audio-fold1-seed13-credible|extrasensory-single-audio-fold2-seed13-credible|extrasensory-single-audio-fold3-seed13-credible|extrasensory-single-audio-fold4-seed13-credible|extrasensory-single-location-fold0-seed13-credible|extrasensory-single-location-fold1-seed13-credible|extrasensory-single-location-fold2-seed13-credible|extrasensory-single-location-fold3-seed13-credible|extrasensory-single-location-fold4-seed13-credible|extrasensory-single-phone_acc-fold0-seed13-credible|extrasensory-single-phone_acc-fold1-seed13-credible|extrasensory-single-phone_acc-fold2-seed13-credible|extrasensory-single-phone_acc-fold3-seed13-credible|extrasensory-single-phone_acc-fold4-seed13-credible|extrasensory-single-phone_gyro-fold0-seed13-credible|extrasensory-single-phone_gyro-fold1-seed13-credible|extrasensory-single-phone_gyro-fold2-seed13-credible|extrasensory-single-phone_gyro-fold3-seed13-credible|extrasensory-single-phone_gyro-fold4-seed13-credible|extrasensory-single-phone_state-fold0-seed13-credible|extrasensory-single-phone_state-fold1-seed13-credible|extrasensory-single-phone_state-fold2-seed13-credible|extrasensory-single-phone_state-fold3-seed13-credible|extrasensory-single-phone_state-fold4-seed13-credible|extrasensory-single-watch_acc-fold0-seed13-credible|extrasensory-single-watch_acc-fold1-seed13-credible|extrasensory-single-watch_acc-fold2-seed13-credible|extrasensory-single-watch_acc-fold3-seed13-credible|extrasensory-single-watch_acc-fold4-seed13-credible,configs\evaluation\credible.yaml
tables/e5_gaussian_noise.csv,extrasensory-gated-fold0-seed13-credible|extrasensory-gated-fold1-seed13-credible|extrasensory-gated-fold2-seed13-credible|extrasensory-gated-fold3-seed13-credible|extrasensory-gated-fold4-seed13-credible|extrasensory-late-fold0-seed13-credible|extrasensory-late-fold1-seed13-credible|extrasensory-late-fold2-seed13-credible|extrasensory-late-fold3-seed13-credible|extrasensory-late-fold4-seed13-credible|extrasensory-linear-fold0-seed13-credible|extrasensory-linear-fold1-seed13-credible|extrasensory-linear-fold2-seed13-credible|extrasensory-linear-fold3-seed13-credible|extrasensory-linear-fold4-seed13-credible|extrasensory-mlp-fold0-seed13-credible|extrasensory-mlp-fold1-seed13-credible|extrasensory-mlp-fold2-seed13-credible|extrasensory-mlp-fold3-seed13-credible|extrasensory-mlp-fold4-seed13-credible|extrasensory-quality-aware-fold0-seed13-credible|extrasensory-quality-aware-fold1-seed13-credible|extrasensory-quality-aware-fold2-seed13-credible|extrasensory-quality-aware-fold3-seed13-credible|extrasensory-quality-aware-fold4-seed13-credible|extrasensory-robust-gated-fold0-seed13-credible|extrasensory-robust-gated-fold1-seed13-credible|extrasensory-robust-gated-fold2-seed13-credible|extrasensory-robust-gated-fold3-seed13-credible|extrasensory-robust-gated-fold4-seed13-credible|extrasensory-single-audio-fold0-seed13-credible|extrasensory-single-audio-fold1-seed13-credible|extrasensory-single-audio-fold2-seed13-credible|extrasensory-single-audio-fold3-seed13-credible|extrasensory-single-audio-fold4-seed13-credible|extrasensory-single-location-fold0-seed13-credible|extrasensory-single-location-fold1-seed13-credible|extrasensory-single-location-fold2-seed13-credible|extrasensory-single-location-fold3-seed13-credible|extrasensory-single-location-fold4-seed13-credible|extrasensory-single-phone_acc-fold0-seed13-credible|extrasensory-single-phone_acc-fold1-seed13-credible|extrasensory-single-phone_acc-fold2-seed13-credible|extrasensory-single-phone_acc-fold3-seed13-credible|extrasensory-single-phone_acc-fold4-seed13-credible|extrasensory-single-phone_gyro-fold0-seed13-credible|extrasensory-single-phone_gyro-fold1-seed13-credible|extrasensory-single-phone_gyro-fold2-seed13-credible|extrasensory-single-phone_gyro-fold3-seed13-credible|extrasensory-single-phone_gyro-fold4-seed13-credible|extrasensory-single-phone_state-fold0-seed13-credible|extrasensory-single-phone_state-fold1-seed13-credible|extrasensory-single-phone_state-fold2-seed13-credible|extrasensory-single-phone_state-fold3-seed13-credible|extrasensory-single-phone_state-fold4-seed13-credible|extrasensory-single-watch_acc-fold0-seed13-credible|extrasensory-single-watch_acc-fold1-seed13-credible|extrasensory-single-watch_acc-fold2-seed13-credible|extrasensory-single-watch_acc-fold3-seed13-credible|extrasensory-single-watch_acc-fold4-seed13-credible,configs\evaluation\credible.yaml
tables/e6_bias_scale.csv,extrasensory-gated-fold0-seed13-credible|extrasensory-gated-fold1-seed13-credible|extrasensory-gated-fold2-seed13-credible|extrasensory-gated-fold3-seed13-credible|extrasensory-gated-fold4-seed13-credible|extrasensory-late-fold0-seed13-credible|extrasensory-late-fold1-seed13-credible|extrasensory-late-fold2-seed13-credible|extrasensory-late-fold3-seed13-credible|extrasensory-late-fold4-seed13-credible|extrasensory-linear-fold0-seed13-credible|extrasensory-linear-fold1-seed13-credible|extrasensory-linear-fold2-seed13-credible|extrasensory-linear-fold3-seed13-credible|extrasensory-linear-fold4-seed13-credible|extrasensory-mlp-fold0-seed13-credible|extrasensory-mlp-fold1-seed13-credible|extrasensory-mlp-fold2-seed13-credible|extrasensory-mlp-fold3-seed13-credible|extrasensory-mlp-fold4-seed13-credible|extrasensory-quality-aware-fold0-seed13-credible|extrasensory-quality-aware-fold1-seed13-credible|extrasensory-quality-aware-fold2-seed13-credible|extrasensory-quality-aware-fold3-seed13-credible|extrasensory-quality-aware-fold4-seed13-credible|extrasensory-robust-gated-fold0-seed13-credible|extrasensory-robust-gated-fold1-seed13-credible|extrasensory-robust-gated-fold2-seed13-credible|extrasensory-robust-gated-fold3-seed13-credible|extrasensory-robust-gated-fold4-seed13-credible|extrasensory-single-audio-fold0-seed13-credible|extrasensory-single-audio-fold1-seed13-credible|extrasensory-single-audio-fold2-seed13-credible|extrasensory-single-audio-fold3-seed13-credible|extrasensory-single-audio-fold4-seed13-credible|extrasensory-single-location-fold0-seed13-credible|extrasensory-single-location-fold1-seed13-credible|extrasensory-single-location-fold2-seed13-credible|extrasensory-single-location-fold3-seed13-credible|extrasensory-single-location-fold4-seed13-credible|extrasensory-single-phone_acc-fold0-seed13-credible|extrasensory-single-phone_acc-fold1-seed13-credible|extrasensory-single-phone_acc-fold2-seed13-credible|extrasensory-single-phone_acc-fold3-seed13-credible|extrasensory-single-phone_acc-fold4-seed13-credible|extrasensory-single-phone_gyro-fold0-seed13-credible|extrasensory-single-phone_gyro-fold1-seed13-credible|extrasensory-single-phone_gyro-fold2-seed13-credible|extrasensory-single-phone_gyro-fold3-seed13-credible|extrasensory-single-phone_gyro-fold4-seed13-credible|extrasensory-single-phone_state-fold0-seed13-credible|extrasensory-single-phone_state-fold1-seed13-credible|extrasensory-single-phone_state-fold2-seed13-credible|extrasensory-single-phone_state-fold3-seed13-credible|extrasensory-single-phone_state-fold4-seed13-credible|extrasensory-single-watch_acc-fold0-seed13-credible|extrasensory-single-watch_acc-fold1-seed13-credible|extrasensory-single-watch_acc-fold2-seed13-credible|extrasensory-single-watch_acc-fold3-seed13-credible|extrasensory-single-watch_acc-fold4-seed13-credible,configs\evaluation\credible.yaml
tables/e7_quality_response.csv,extrasensory-gated-fold0-seed13-credible|extrasensory-gated-fold1-seed13-credible|extrasensory-gated-fold2-seed13-credible|extrasensory-gated-fold3-seed13-credible|extrasensory-gated-fold4-seed13-credible|extrasensory-late-fold0-seed13-credible|extrasensory-late-fold1-seed13-credible|extrasensory-late-fold2-seed13-credible|extrasensory-late-fold3-seed13-credible|extrasensory-late-fold4-seed13-credible|extrasensory-linear-fold0-seed13-credible|extrasensory-linear-fold1-seed13-credible|extrasensory-linear-fold2-seed13-credible|extrasensory-linear-fold3-seed13-credible|extrasensory-linear-fold4-seed13-credible|extrasensory-mlp-fold0-seed13-credible|extrasensory-mlp-fold1-seed13-credible|extrasensory-mlp-fold2-seed13-credible|extrasensory-mlp-fold3-seed13-credible|extrasensory-mlp-fold4-seed13-credible|extrasensory-quality-aware-fold0-seed13-credible|extrasensory-quality-aware-fold1-seed13-credible|extrasensory-quality-aware-fold2-seed13-credible|extrasensory-quality-aware-fold3-seed13-credible|extrasensory-quality-aware-fold4-seed13-credible|extrasensory-robust-gated-fold0-seed13-credible|extrasensory-robust-gated-fold1-seed13-credible|extrasensory-robust-gated-fold2-seed13-credible|extrasensory-robust-gated-fold3-seed13-credible|extrasensory-robust-gated-fold4-seed13-credible|extrasensory-single-audio-fold0-seed13-credible|extrasensory-single-audio-fold1-seed13-credible|extrasensory-single-audio-fold2-seed13-credible|extrasensory-single-audio-fold3-seed13-credible|extrasensory-single-audio-fold4-seed13-credible|extrasensory-single-location-fold0-seed13-credible|extrasensory-single-location-fold1-seed13-credible|extrasensory-single-location-fold2-seed13-credible|extrasensory-single-location-fold3-seed13-credible|extrasensory-single-location-fold4-seed13-credible|extrasensory-single-phone_acc-fold0-seed13-credible|extrasensory-single-phone_acc-fold1-seed13-credible|extrasensory-single-phone_acc-fold2-seed13-credible|extrasensory-single-phone_acc-fold3-seed13-credible|extrasensory-single-phone_acc-fold4-seed13-credible|extrasensory-single-phone_gyro-fold0-seed13-credible|extrasensory-single-phone_gyro-fold1-seed13-credible|extrasensory-single-phone_gyro-fold2-seed13-credible|extrasensory-single-phone_gyro-fold3-seed13-credible|extrasensory-single-phone_gyro-fold4-seed13-credible|extrasensory-single-phone_state-fold0-seed13-credible|extrasensory-single-phone_state-fold1-seed13-credible|extrasensory-single-phone_state-fold2-seed13-credible|extrasensory-single-phone_state-fold3-seed13-credible|extrasensory-single-phone_state-fold4-seed13-credible|extrasensory-single-watch_acc-fold0-seed13-credible|extrasensory-single-watch_acc-fold1-seed13-credible|extrasensory-single-watch_acc-fold2-seed13-credible|extrasensory-single-watch_acc-fold3-seed13-credible|extrasensory-single-watch_acc-fold4-seed13-credible,configs\evaluation\credible.yaml
tables/e7_response_correlations.csv,extrasensory-gated-fold0-seed13-credible|extrasensory-gated-fold1-seed13-credible|extrasensory-gated-fold2-seed13-credible|extrasensory-gated-fold3-seed13-credible|extrasensory-gated-fold4-seed13-credible|extrasensory-late-fold0-seed13-credible|extrasensory-late-fold1-seed13-credible|extrasensory-late-fold2-seed13-credible|extrasensory-late-fold3-seed13-credible|extrasensory-late-fold4-seed13-credible|extrasensory-linear-fold0-seed13-credible|extrasensory-linear-fold1-seed13-credible|extrasensory-linear-fold2-seed13-credible|extrasensory-linear-fold3-seed13-credible|extrasensory-linear-fold4-seed13-credible|extrasensory-mlp-fold0-seed13-credible|extrasensory-mlp-fold1-seed13-credible|extrasensory-mlp-fold2-seed13-credible|extrasensory-mlp-fold3-seed13-credible|extrasensory-mlp-fold4-seed13-credible|extrasensory-quality-aware-fold0-seed13-credible|extrasensory-quality-aware-fold1-seed13-credible|extrasensory-quality-aware-fold2-seed13-credible|extrasensory-quality-aware-fold3-seed13-credible|extrasensory-quality-aware-fold4-seed13-credible|extrasensory-robust-gated-fold0-seed13-credible|extrasensory-robust-gated-fold1-seed13-credible|extrasensory-robust-gated-fold2-seed13-credible|extrasensory-robust-gated-fold3-seed13-credible|extrasensory-robust-gated-fold4-seed13-credible|extrasensory-single-audio-fold0-seed13-credible|extrasensory-single-audio-fold1-seed13-credible|extrasensory-single-audio-fold2-seed13-credible|extrasensory-single-audio-fold3-seed13-credible|extrasensory-single-audio-fold4-seed13-credible|extrasensory-single-location-fold0-seed13-credible|extrasensory-single-location-fold1-seed13-credible|extrasensory-single-location-fold2-seed13-credible|extrasensory-single-location-fold3-seed13-credible|extrasensory-single-location-fold4-seed13-credible|extrasensory-single-phone_acc-fold0-seed13-credible|extrasensory-single-phone_acc-fold1-seed13-credible|extrasensory-single-phone_acc-fold2-seed13-credible|extrasensory-single-phone_acc-fold3-seed13-credible|extrasensory-single-phone_acc-fold4-seed13-credible|extrasensory-single-phone_gyro-fold0-seed13-credible|extrasensory-single-phone_gyro-fold1-seed13-credible|extrasensory-single-phone_gyro-fold2-seed13-credible|extrasensory-single-phone_gyro-fold3-seed13-credible|extrasensory-single-phone_gyro-fold4-seed13-credible|extrasensory-single-phone_state-fold0-seed13-credible|extrasensory-single-phone_state-fold1-seed13-credible|extrasensory-single-phone_state-fold2-seed13-credible|extrasensory-single-phone_state-fold3-seed13-credible|extrasensory-single-phone_state-fold4-seed13-credible|extrasensory-single-watch_acc-fold0-seed13-credible|extrasensory-single-watch_acc-fold1-seed13-credible|extrasensory-single-watch_acc-fold2-seed13-credible|extrasensory-single-watch_acc-fold3-seed13-credible|extrasensory-single-watch_acc-fold4-seed13-credible,configs\evaluation\credible.yaml
tables/e8_efficiency.csv,extrasensory-gated-fold0-seed13-credible|extrasensory-gated-fold1-seed13-credible|extrasensory-gated-fold2-seed13-credible|extrasensory-gated-fold3-seed13-credible|extrasensory-gated-fold4-seed13-credible|extrasensory-late-fold0-seed13-credible|extrasensory-late-fold1-seed13-credible|extrasensory-late-fold2-seed13-credible|extrasensory-late-fold3-seed13-credible|extrasensory-late-fold4-seed13-credible|extrasensory-linear-fold0-seed13-credible|extrasensory-linear-fold1-seed13-credible|extrasensory-linear-fold2-seed13-credible|extrasensory-linear-fold3-seed13-credible|extrasensory-linear-fold4-seed13-credible|extrasensory-mlp-fold0-seed13-credible|extrasensory-mlp-fold1-seed13-credible|extrasensory-mlp-fold2-seed13-credible|extrasensory-mlp-fold3-seed13-credible|extrasensory-mlp-fold4-seed13-credible|extrasensory-quality-aware-fold0-seed13-credible|extrasensory-quality-aware-fold1-seed13-credible|extrasensory-quality-aware-fold2-seed13-credible|extrasensory-quality-aware-fold3-seed13-credible|extrasensory-quality-aware-fold4-seed13-credible|extrasensory-robust-gated-fold0-seed13-credible|extrasensory-robust-gated-fold1-seed13-credible|extrasensory-robust-gated-fold2-seed13-credible|extrasensory-robust-gated-fold3-seed13-credible|extrasensory-robust-gated-fold4-seed13-credible|extrasensory-single-audio-fold0-seed13-credible|extrasensory-single-audio-fold1-seed13-credible|extrasensory-single-audio-fold2-seed13-credible|extrasensory-single-audio-fold3-seed13-credible|extrasensory-single-audio-fold4-seed13-credible|extrasensory-single-location-fold0-seed13-credible|extrasensory-single-location-fold1-seed13-credible|extrasensory-single-location-fold2-seed13-credible|extrasensory-single-location-fold3-seed13-credible|extrasensory-single-location-fold4-seed13-credible|extrasensory-single-phone_acc-fold0-seed13-credible|extrasensory-single-phone_acc-fold1-seed13-credible|extrasensory-single-phone_acc-fold2-seed13-credible|extrasensory-single-phone_acc-fold3-seed13-credible|extrasensory-single-phone_acc-fold4-seed13-credible|extrasensory-single-phone_gyro-fold0-seed13-credible|extrasensory-single-phone_gyro-fold1-seed13-credible|extrasensory-single-phone_gyro-fold2-seed13-credible|extrasensory-single-phone_gyro-fold3-seed13-credible|extrasensory-single-phone_gyro-fold4-seed13-credible|extrasensory-single-phone_state-fold0-seed13-credible|extrasensory-single-phone_state-fold1-seed13-credible|extrasensory-single-phone_state-fold2-seed13-credible|extrasensory-single-phone_state-fold3-seed13-credible|extrasensory-single-phone_state-fold4-seed13-credible|extrasensory-single-watch_acc-fold0-seed13-credible|extrasensory-single-watch_acc-fold1-seed13-credible|extrasensory-single-watch_acc-fold2-seed13-credible|extrasensory-single-watch_acc-fold3-seed13-credible|extrasensory-single-watch_acc-fold4-seed13-credible,configs\evaluation\credible.yaml
tables/phase5_ablation_dev.csv,extrasensory-ablation-a1-no-sensor-dropout-fold0-seed13-ablation_dev|extrasensory-ablation-a2-no-noise-fold0-seed13-ablation_dev|extrasensory-ablation-a3-no-quality-fold0-seed13-ablation_dev|extrasensory-ablation-a4-no-reliability-fold0-seed13-ablation_dev|extrasensory-ablation-a5-no-reliability-loss-fold0-seed13-ablation_dev|extrasensory-quality-aware-fold0-seed13-ablation_dev,configs\evaluation\credible.yaml
tables/robustness_auc.csv,extrasensory-gated-fold0-seed13-credible|extrasensory-gated-fold1-seed13-credible|extrasensory-gated-fold2-seed13-credible|extrasensory-gated-fold3-seed13-credible|extrasensory-gated-fold4-seed13-credible|extrasensory-late-fold0-seed13-credible|extrasensory-late-fold1-seed13-credible|extrasensory-late-fold2-seed13-credible|extrasensory-late-fold3-seed13-credible|extrasensory-late-fold4-seed13-credible|extrasensory-linear-fold0-seed13-credible|extrasensory-linear-fold1-seed13-credible|extrasensory-linear-fold2-seed13-credible|extrasensory-linear-fold3-seed13-credible|extrasensory-linear-fold4-seed13-credible|extrasensory-mlp-fold0-seed13-credible|extrasensory-mlp-fold1-seed13-credible|extrasensory-mlp-fold2-seed13-credible|extrasensory-mlp-fold3-seed13-credible|extrasensory-mlp-fold4-seed13-credible|extrasensory-quality-aware-fold0-seed13-credible|extrasensory-quality-aware-fold1-seed13-credible|extrasensory-quality-aware-fold2-seed13-credible|extrasensory-quality-aware-fold3-seed13-credible|extrasensory-quality-aware-fold4-seed13-credible|extrasensory-robust-gated-fold0-seed13-credible|extrasensory-robust-gated-fold1-seed13-credible|extrasensory-robust-gated-fold2-seed13-credible|extrasensory-robust-gated-fold3-seed13-credible|extrasensory-robust-gated-fold4-seed13-credible|extrasensory-single-audio-fold0-seed13-credible|extrasensory-single-audio-fold1-seed13-credible|extrasensory-single-audio-fold2-seed13-credible|extrasensory-single-audio-fold3-seed13-credible|extrasensory-single-audio-fold4-seed13-credible|extrasensory-single-location-fold0-seed13-credible|extrasensory-single-location-fold1-seed13-credible|extrasensory-single-location-fold2-seed13-credible|extrasensory-single-location-fold3-seed13-credible|extrasensory-single-location-fold4-seed13-credible|extrasensory-single-phone_acc-fold0-seed13-credible|extrasensory-single-phone_acc-fold1-seed13-credible|extrasensory-single-phone_acc-fold2-seed13-credible|extrasensory-single-phone_acc-fold3-seed13-credible|extrasensory-single-phone_acc-fold4-seed13-credible|extrasensory-single-phone_gyro-fold0-seed13-credible|extrasensory-single-phone_gyro-fold1-seed13-credible|extrasensory-single-phone_gyro-fold2-seed13-credible|extrasensory-single-phone_gyro-fold3-seed13-credible|extrasensory-single-phone_gyro-fold4-seed13-credible|extrasensory-single-phone_state-fold0-seed13-credible|extrasensory-single-phone_state-fold1-seed13-credible|extrasensory-single-phone_state-fold2-seed13-credible|extrasensory-single-phone_state-fold3-seed13-credible|extrasensory-single-phone_state-fold4-seed13-credible|extrasensory-single-watch_acc-fold0-seed13-credible|extrasensory-single-watch_acc-fold1-seed13-credible|extrasensory-single-watch_acc-fold2-seed13-credible|extrasensory-single-watch_acc-fold3-seed13-credible|extrasensory-single-watch_acc-fold4-seed13-credible,configs\evaluation\credible.yaml
technical_report.md,extrasensory-ablation-a1-no-sensor-dropout-fold0-seed13-ablation_dev|extrasensory-ablation-a2-no-noise-fold0-seed13-ablation_dev|extrasensory-ablation-a3-no-quality-fold0-seed13-ablation_dev|extrasensory-ablation-a4-no-reliability-fold0-seed13-ablation_dev|extrasensory-ablation-a5-no-reliability-loss-fold0-seed13-ablation_dev|extrasensory-gated-fold0-seed13-credible|extrasensory-gated-fold1-seed13-credible|extrasensory-gated-fold2-seed13-credible|extrasensory-gated-fold3-seed13-credible|extrasensory-gated-fold4-seed13-credible|extrasensory-late-fold0-seed13-credible|extrasensory-late-fold1-seed13-credible|extrasensory-late-fold2-seed13-credible|extrasensory-late-fold3-seed13-credible|extrasensory-late-fold4-seed13-credible|extrasensory-linear-fold0-seed13-credible|extrasensory-linear-fold1-seed13-credible|extrasensory-linear-fold2-seed13-credible|extrasensory-linear-fold3-seed13-credible|extrasensory-linear-fold4-seed13-credible|extrasensory-mlp-fold0-seed13-credible|extrasensory-mlp-fold1-seed13-credible|extrasensory-mlp-fold2-seed13-credible|extrasensory-mlp-fold3-seed13-credible|extrasensory-mlp-fold4-seed13-credible|extrasensory-quality-aware-fold0-seed13-ablation_dev|extrasensory-quality-aware-fold0-seed13-credible|extrasensory-quality-aware-fold1-seed13-credible|extrasensory-quality-aware-fold2-seed13-credible|extrasensory-quality-aware-fold3-seed13-credible|extrasensory-quality-aware-fold4-seed13-credible|extrasensory-robust-gated-fold0-seed13-credible|extrasensory-robust-gated-fold1-seed13-credible|extrasensory-robust-gated-fold2-seed13-credible|extrasensory-robust-gated-fold3-seed13-credible|extrasensory-robust-gated-fold4-seed13-credible|extrasensory-single-audio-fold0-seed13-credible|extrasensory-single-audio-fold1-seed13-credible|extrasensory-single-audio-fold2-seed13-credible|extrasensory-single-audio-fold3-seed13-credible|extrasensory-single-audio-fold4-seed13-credible|extrasensory-single-location-fold0-seed13-credible|extrasensory-single-location-fold1-seed13-credible|extrasensory-single-location-fold2-seed13-credible|extrasensory-single-location-fold3-seed13-credible|extrasensory-single-location-fold4-seed13-credible|extrasensory-single-phone_acc-fold0-seed13-credible|extrasensory-single-phone_acc-fold1-seed13-credible|extrasensory-single-phone_acc-fold2-seed13-credible|extrasensory-single-phone_acc-fold3-seed13-credible|extrasensory-single-phone_acc-fold4-seed13-credible|extrasensory-single-phone_gyro-fold0-seed13-credible|extrasensory-single-phone_gyro-fold1-seed13-credible|extrasensory-single-phone_gyro-fold2-seed13-credible|extrasensory-single-phone_gyro-fold3-seed13-credible|extrasensory-single-phone_gyro-fold4-seed13-credible|extrasensory-single-phone_state-fold0-seed13-credible|extrasensory-single-phone_state-fold1-seed13-credible|extrasensory-single-phone_state-fold2-seed13-credible|extrasensory-single-phone_state-fold3-seed13-credible|extrasensory-single-phone_state-fold4-seed13-credible|extrasensory-single-watch_acc-fold0-seed13-credible|extrasensory-single-watch_acc-fold1-seed13-credible|extrasensory-single-watch_acc-fold2-seed13-credible|extrasensory-single-watch_acc-fold3-seed13-credible|extrasensory-single-watch_acc-fold4-seed13-credible,configs\evaluation\credible.yaml
