model_id,scenario_id,available_count,available_modalities,drop_modalities,macro_f1,micro_f1,mean_average_precision,brier_score,macro_f1_fold_std,micro_f1_fold_std,mean_average_precision_fold_std,brier_score_fold_std,fold_count,seed_count_per_fold
B4,mask.000001,1,phone_state,phone_acc|phone_gyro|watch_acc|location|audio,0.402133553092,0.591309129171,0.422348209189,0.186606483316,0.0203821108344,0.0321951130562,0.0171077299741,0.0108331405695,5,3
B4,mask.000010,1,audio,phone_acc|phone_gyro|watch_acc|location|phone_state,0.36667820458,0.576163929988,0.384458474848,0.170233494928,0.0309476321458,0.0355380754318,0.0347456556104,0.00714514354945,5,3
B4,mask.000011,2,audio|phone_state,phone_acc|phone_gyro|watch_acc|location,0.452894240294,0.637643778116,0.462461870504,0.155053472167,0.0217827043659,0.0396118491692,0.0320994929345,0.00471691371028,5,3
B4,mask.000100,1,location,phone_acc|phone_gyro|watch_acc|audio|phone_state,0.315811534843,0.518110670487,0.354513292525,0.191995390255,0.0429800458408,0.0364870106911,0.0479956775008,0.0165775193855,5,3
B4,mask.000101,2,location|phone_state,phone_acc|phone_gyro|watch_acc|audio,0.45725868292,0.629023986093,0.460212569443,0.160198849948,0.0330186459543,0.0283662929767,0.0355696903619,0.00786186020076,5,3
B4,mask.000110,2,location|audio,phone_acc|phone_gyro|watch_acc|phone_state,0.425219673763,0.604007400501,0.436675306926,0.156532647339,0.0501295649978,0.0278559886887,0.0445805606608,0.0102257855037,5,3
B4,mask.000111,3,location|audio|phone_state,phone_acc|phone_gyro|watch_acc,0.492856890193,0.661398216785,0.498392022171,0.142855963902,0.0247619922915,0.0378369045265,0.0326177619148,0.0104354697988,5,3
B4,mask.001000,1,watch_acc,phone_acc|phone_gyro|location|audio|phone_state,0.368313028942,0.526655088111,0.430791066941,0.19017342685,0.0381860362851,0.0199284324747,0.0392009843245,0.0151700066958,5,3
B4,mask.001001,2,watch_acc|phone_state,phone_acc|phone_gyro|location|audio,0.509110998643,0.638780694117,0.522397117023,0.156882547461,0.0445398567817,0.0150052488359,0.0403019758876,0.0118392669906,5,3
B4,mask.001010,2,watch_acc|audio,phone_acc|phone_gyro|location|phone_state,0.469976055234,0.620290055923,0.493902995581,0.149846342664,0.0277576666534,0.0283989807071,0.0375815860516,0.00329418656933,5,3
B4,mask.001011,3,watch_acc|audio|phone_state,phone_acc|phone_gyro|location,0.537910169514,0.6699814585,0.551679055764,0.138100741186,0.0382208073607,0.0229053400416,0.0454130799102,0.00520081201815,5,3
B4,mask.001100,2,watch_acc|location,phone_acc|phone_gyro|audio|phone_state,0.451348441101,0.575526805892,0.49178002375,0.175585384853,0.0451954671742,0.0388760686334,0.0498657043003,0.0213557585452,5,3
B4,mask.001101,3,watch_acc|location|phone_state,phone_acc|phone_gyro|audio,0.543672874827,0.660494761769,0.550333619454,0.145119698949,0.0405025605671,0.0252095010111,0.0410626183049,0.00971472072843,5,3
B4,mask.001110,3,watch_acc|location|audio,phone_acc|phone_gyro|phone_state,0.515377717893,0.636445471099,0.537091718232,0.144117362872,0.0357300108974,0.0290073945698,0.0389781447818,0.0102833529588,5,3
B4,mask.001111,4,watch_acc|location|audio|phone_state,phone_acc|phone_gyro,0.565396283239,0.68631963968,0.575828916803,0.131221135486,0.0311900872303,0.0287324597109,0.035706596152,0.00781136859539,5,3
B4,mask.010000,1,phone_gyro,phone_acc|watch_acc|location|audio|phone_state,0.270316759481,0.481585721879,0.326510013952,0.215694581587,0.0438823398178,0.0753163464095,0.0317967509536,0.0265582102473,5,3
B4,mask.010001,2,phone_gyro|phone_state,phone_acc|watch_acc|location|audio,0.443213435049,0.603251793928,0.453952562975,0.178172893719,0.0257968590416,0.03082492387,0.0205516068805,0.009760870636,5,3
B4,mask.010010,2,phone_gyro|audio,phone_acc|watch_acc|location|phone_state,0.403324079846,0.585953786449,0.424926247365,0.166190018889,0.0173355225901,0.0363146367367,0.0293072749596,0.00715543185459,5,3
B4,mask.010011,3,phone_gyro|audio|phone_state,phone_acc|watch_acc|location,0.488119962872,0.646040156141,0.497988562716,0.151322523397,0.0204988833779,0.0376677854295,0.0347013419593,0.00439467639744,5,3
B4,mask.010100,2,phone_gyro|location,phone_acc|watch_acc|audio|phone_state,0.380073216996,0.529773815578,0.411935314976,0.187885763922,0.0354308909076,0.0289074145366,0.0470408421198,0.0130285496592,5,3
B4,mask.010101,3,phone_gyro|location|phone_state,phone_acc|watch_acc|audio,0.503730523062,0.637200964269,0.504394772829,0.156292476762,0.0438772063581,0.0258691907451,0.0472427235374,0.00598624676779,5,3
B4,mask.010110,3,phone_gyro|location|audio,phone_acc|watch_acc|phone_state,0.468550409713,0.610835980575,0.485363678057,0.153019374034,0.048004844412,0.0222625205527,0.0430165453205,0.00724660835718,5,3
B4,mask.010111,4,phone_gyro|location|audio|phone_state,phone_acc|watch_acc,0.53172170139,0.667348436765,0.538118137904,0.140657793424,0.0339411999917,0.0336703673857,0.037767950492,0.00859209492352,5,3
B4,mask.011000,2,phone_gyro|watch_acc,phone_acc|location|audio|phone_state,0.378198306354,0.528672045549,0.429599309938,0.191581720414,0.0436224065324,0.0114199850399,0.0428270844178,0.0167875921717,5,3
B4,mask.011001,3,phone_gyro|watch_acc|phone_state,phone_acc|location|audio,0.518926694713,0.639261073546,0.534542833304,0.156636651399,0.0407668854134,0.0153641591619,0.0400296104299,0.0124404892835,5,3
B4,mask.011010,3,phone_gyro|watch_acc|audio,phone_acc|location|phone_state,0.479931188637,0.622004666957,0.505164633279,0.149996423031,0.03116125117,0.0251583533671,0.0404211935996,0.004458549484,5,3
B4,mask.011011,4,phone_gyro|watch_acc|audio|phone_state,phone_acc|location,0.551917955946,0.673458053799,0.566541334346,0.137680149663,0.0358518894122,0.0220094160032,0.0466494887776,0.00584774821327,5,3
B4,mask.011100,3,phone_gyro|watch_acc|location,phone_acc|audio|phone_state,0.467608751944,0.579221001041,0.499515587768,0.174194989655,0.0456250757029,0.0328084324602,0.0479333191472,0.019861385255,5,3
B4,mask.011101,4,phone_gyro|watch_acc|location|phone_state,phone_acc|audio,0.561155075878,0.662373260819,0.564763895866,0.144726008323,0.0435707349031,0.0243692926056,0.0403791822946,0.00943657927737,5,3
B4,mask.011110,4,phone_gyro|watch_acc|location|audio,phone_acc|phone_state,0.529883515933,0.638743885368,0.549862754449,0.143075583514,0.0387791329956,0.024507871212,0.0399293314272,0.0088754840366,5,3
B4,mask.011111,5,phone_gyro|watch_acc|location|audio|phone_state,phone_acc,0.58392174103,0.689149044011,0.590720201203,0.130863096234,0.0339747701597,0.0260760006744,0.0358144851918,0.00668288584082,5,3
B4,mask.100000,1,phone_acc,phone_gyro|watch_acc|location|audio|phone_state,0.344498937391,0.517295566573,0.355173186889,0.202691550086,0.0291045122238,0.0665640316041,0.0270972227128,0.0168106538223,5,3
B4,mask.100001,2,phone_acc|phone_state,phone_gyro|watch_acc|location|audio,0.460453836354,0.623398383162,0.468472585041,0.167562760504,0.0261895254823,0.0369861302503,0.0293052159942,0.0110068839592,5,3
B4,mask.100010,2,phone_acc|audio,phone_gyro|watch_acc|location|phone_state,0.447462751996,0.61095939399,0.448389636369,0.159156758811,0.0245654746307,0.03998247457,0.0362894137781,0.00858365171215,5,3
B4,mask.100011,3,phone_acc|audio|phone_state,phone_gyro|watch_acc|location,0.501427832769,0.65493026665,0.508772466638,0.14830367504,0.0256396417308,0.0389096145996,0.0349386187271,0.00665490506261,5,3
B4,mask.100100,2,phone_acc|location,phone_gyro|watch_acc|audio|phone_state,0.429457233047,0.573077852274,0.427358074637,0.172038852585,0.0452840480369,0.0438486308357,0.0463762050795,0.0111243566812,5,3
B4,mask.100101,3,phone_acc|location|phone_state,phone_gyro|watch_acc|audio,0.508458352637,0.653480462461,0.505849824309,0.149318315971,0.0374488324073,0.0300315114703,0.0386177449154,0.0088396476573,5,3
B4,mask.100110,3,phone_acc|location|audio,phone_gyro|watch_acc|phone_state,0.49299383745,0.631893394841,0.490860984531,0.148253441357,0.0385997556937,0.0260881028696,0.0397093222663,0.00648760340736,5,3
B4,mask.100111,4,phone_acc|location|audio|phone_state,phone_gyro|watch_acc,0.535391821654,0.676123327075,0.53895891172,0.137621066438,0.0281858893411,0.0345494316655,0.0331452959463,0.00919347055566,5,3
B4,mask.101000,2,phone_acc|watch_acc,phone_gyro|location|audio|phone_state,0.443135039098,0.576166460913,0.479340410312,0.171086414607,0.0375007623593,0.0356562619848,0.0386787854278,0.00931015166193,5,3
B4,mask.101001,3,phone_acc|watch_acc|phone_state,phone_gyro|location|audio,0.535445818475,0.655829654413,0.553102233249,0.149332139296,0.0413573276259,0.0191932664381,0.0399549510783,0.010197191537,5,3
B4,mask.101010,3,phone_acc|watch_acc|audio,phone_gyro|location|phone_state,0.519931946244,0.646427185949,0.53307466347,0.141858249722,0.025015706926,0.035224466731,0.0421989927488,0.00670587582779,5,3
B4,mask.101011,4,phone_acc|watch_acc|audio|phone_state,phone_gyro|location,0.565435700265,0.682516633195,0.578457826286,0.134793572406,0.0332793921772,0.0251143467572,0.0430477897741,0.00548723127232,5,3
B4,mask.101100,3,phone_acc|watch_acc|location,phone_gyro|audio|phone_state,0.499779626652,0.611656451148,0.519922086661,0.158672500192,0.0389368270585,0.0358769382559,0.0424675262156,0.0130318991819,5,3
B4,mask.101101,4,phone_acc|watch_acc|location|phone_state,phone_gyro|audio,0.565762358721,0.675847618689,0.574482924873,0.13842255643,0.0380139904573,0.0241543467785,0.0344030896468,0.00780604914389,5,3
B4,mask.101110,4,phone_acc|watch_acc|location|audio,phone_gyro|phone_state,0.551714115526,0.659407248576,0.561764073401,0.137070410725,0.0311687251603,0.0276778667653,0.0352468623094,0.00739250013943,5,3
B4,mask.101111,5,phone_acc|watch_acc|location|audio|phone_state,phone_gyro,0.587161399336,0.697646049595,0.596166427859,0.127931233615,0.0299905680318,0.0267459739705,0.0323487067162,0.00650672074987,5,3
B4,mask.110000,2,phone_acc|phone_gyro,watch_acc|location|audio|phone_state,0.349293186636,0.521119617059,0.376480105412,0.196425536044,0.037164644405,0.0674523920842,0.0281422889171,0.0174625811402,5,3
B4,mask.110001,3,phone_acc|phone_gyro|phone_state,watch_acc|location|audio,0.477341158115,0.628101343685,0.490311947393,0.163916470456,0.0246816335582,0.0366716377971,0.0284166837831,0.0114666548608,5,3
B4,mask.110010,3,phone_acc|phone_gyro|audio,watch_acc|location|phone_state,0.449514338627,0.61252160119,0.468921538416,0.157980386775,0.0221080384946,0.0407950715368,0.0338874499941,0.0104989774524,5,3
B4,mask.110011,4,phone_acc|phone_gyro|audio|phone_state,watch_acc|location,0.515654435052,0.658644889478,0.52962726395,0.14655842732,0.0207871819878,0.0370582931169,0.033785380021,0.00677266765175,5,3
B4,mask.110100,3,phone_acc|phone_gyro|location,watch_acc|audio|phone_state,0.443952421764,0.574093106471,0.450171001729,0.170748099782,0.0426302701533,0.0418019200049,0.0491826430301,0.0104030731245,5,3
B4,mask.110101,4,phone_acc|phone_gyro|location|phone_state,watch_acc|audio,0.529030037824,0.656419236315,0.53073295709,0.148141717076,0.041485269342,0.0296070532577,0.0424685933969,0.00861073736673,5,3
B4,mask.110110,4,phone_acc|phone_gyro|location|audio,watch_acc|phone_state,0.510713127918,0.635918813298,0.514476531242,0.146583084955,0.0367713124263,0.0267457880394,0.0404155368947,0.00671878179519,5,3
B4,mask.110111,5,phone_acc|phone_gyro|location|audio|phone_state,watch_acc,0.5566365976,0.680272350001,0.561201628905,0.136819945728,0.0321716386055,0.0318332213555,0.0355554565643,0.00838946246852,5,3
B4,mask.111000,3,phone_acc|phone_gyro|watch_acc,location|audio|phone_state,0.447476969843,0.574597926519,0.480131980584,0.171743329211,0.0368185228095,0.0294830266408,0.0390675750241,0.010424537827,5,3
B4,mask.111001,4,phone_acc|phone_gyro|watch_acc|phone_state,location|audio,0.543972309204,0.655702720201,0.56111489301,0.148955895821,0.0385030137791,0.0209119974522,0.0383876315547,0.011255401718,5,3
B4,mask.111010,4,phone_acc|phone_gyro|watch_acc|audio,location|phone_state,0.519755402107,0.64443433358,0.539499999949,0.14201897158,0.0289416692989,0.0343604689581,0.0415880905767,0.00816226040273,5,3
B4,mask.111011,5,phone_acc|phone_gyro|watch_acc|audio|phone_state,location,0.571915664882,0.683291720772,0.587093933605,0.134568392379,0.0317053824568,0.0242927482819,0.0411866195616,0.00615571306765,5,3
B4,mask.111100,4,phone_acc|phone_gyro|watch_acc|location,audio|phone_state,0.506509098396,0.610556816179,0.523933097171,0.15832698107,0.0403681301152,0.030686602148,0.0435433732113,0.010924097915,5,3
B4,mask.111101,5,phone_acc|phone_gyro|watch_acc|location|phone_state,audio,0.576210934133,0.676004105015,0.583198522339,0.13847394801,0.0399933493589,0.0238380493923,0.0332811154496,0.00782565752051,5,3
B4,mask.111110,5,phone_acc|phone_gyro|watch_acc|location|audio,phone_state,0.558718925144,0.659466763365,0.569026846092,0.136452968082,0.0323258251199,0.0262971699861,0.0348382479097,0.00688594145448,5,3
B4,mask.111111,6,phone_acc|phone_gyro|watch_acc|location|audio|phone_state,,0.597008462915,0.69867891233,0.60502744583,0.12791101725,0.0310707926029,0.025065143475,0.0307599183056,0.00597454388421,5,3
B5,mask.000001,1,phone_state,phone_acc|phone_gyro|watch_acc|location|audio,0.427189593897,0.607214677602,0.422830168325,0.174953729186,0.0199409775596,0.0296604209585,0.0173232918245,0.00669094980891,5,3
B5,mask.000010,1,audio,phone_acc|phone_gyro|watch_acc|location|phone_state,0.405448078601,0.589396591348,0.402450701875,0.168065937722,0.0338823010237,0.0276546745017,0.0316170503462,0.00565371740959,5,3
B5,mask.000011,2,audio|phone_state,phone_acc|phone_gyro|watch_acc|location,0.474529185845,0.650823879737,0.479253176463,0.147044062714,0.018551600341,0.0325792391427,0.0310063130804,0.0058396823815,5,3
B5,mask.000100,1,location,phone_acc|phone_gyro|watch_acc|audio|phone_state,0.377252547626,0.523390001442,0.370848033427,0.19488372242,0.0218510424282,0.0239650729497,0.0338839747467,0.00758092690709,5,3
B5,mask.000101,2,location|phone_state,phone_acc|phone_gyro|watch_acc|audio,0.475724976632,0.633919555965,0.467406455938,0.158797203301,0.0269503009066,0.0300800915836,0.0324056099868,0.0106324398829,5,3
B5,mask.000110,2,location|audio,phone_acc|phone_gyro|watch_acc|phone_state,0.472832750749,0.622684778533,0.464801759436,0.153679126905,0.0311152213254,0.0250493584912,0.0288907514754,0.00905139790695,5,3
B5,mask.000111,3,location|audio|phone_state,phone_acc|phone_gyro|watch_acc,0.511114054289,0.668136255932,0.514444187735,0.139666382713,0.0192511810043,0.0370121747217,0.0217910052369,0.0121010715312,5,3
B5,mask.001000,1,watch_acc,phone_acc|phone_gyro|location|audio|phone_state,0.428475629341,0.551030878489,0.447633128839,0.190637273216,0.0322438221333,0.0201229361686,0.0450117002745,0.00936837812866,5,3
B5,mask.001001,2,watch_acc|phone_state,phone_acc|phone_gyro|location|audio,0.532274133053,0.653188364756,0.529495936766,0.150346976084,0.0381081188643,0.0140883651667,0.0419175788218,0.00663978550224,5,3
B5,mask.001010,2,watch_acc|audio,phone_acc|phone_gyro|location|phone_state,0.517748319583,0.647913207352,0.520504261188,0.145269676685,0.0294808098093,0.0242107894537,0.0443152523341,0.00486923594182,5,3
B5,mask.001011,3,watch_acc|audio|phone_state,phone_acc|phone_gyro|location,0.560256641877,0.684202392192,0.567756021926,0.132562763625,0.0319170806698,0.0215002546617,0.0472319132462,0.00351071217664,5,3
B5,mask.001100,2,watch_acc|location,phone_acc|phone_gyro|audio|phone_state,0.503462423786,0.604600084104,0.503638679387,0.166997673796,0.0297972002571,0.0309578730082,0.0478170117535,0.00974277111207,5,3
B5,mask.001101,3,watch_acc|location|phone_state,phone_acc|phone_gyro|audio,0.561232117273,0.671723034945,0.558676603355,0.141264632694,0.0343055062172,0.0270339679075,0.0378187824205,0.00908512249859,5,3
B5,mask.001110,3,watch_acc|location|audio,phone_acc|phone_gyro|phone_state,0.558152614509,0.664493747308,0.556195305478,0.138487623774,0.0307589673427,0.0308595837541,0.0362146684539,0.00860430953157,5,3
B5,mask.001111,4,watch_acc|location|audio|phone_state,phone_acc|phone_gyro,0.583644106358,0.69675170791,0.587303151876,0.127958200326,0.0271243645254,0.0317844492208,0.0311683781019,0.00949626024794,5,3
B5,mask.010000,1,phone_gyro,phone_acc|watch_acc|location|audio|phone_state,0.345850248348,0.490935770232,0.346664396561,0.214105831713,0.0267788716155,0.0463574906797,0.0116522104968,0.00649052681926,5,3
B5,mask.010001,2,phone_gyro|phone_state,phone_acc|watch_acc|location|audio,0.481826670333,0.630719919031,0.473404635102,0.161262968817,0.0248642363694,0.0311657529476,0.0259889642587,0.00815294492147,5,3
B5,mask.010010,2,phone_gyro|audio,phone_acc|watch_acc|location|phone_state,0.463768534609,0.614401171777,0.460504625151,0.159226758326,0.0317108380517,0.0266641780531,0.0322727102311,0.00524072268933,5,3
B5,mask.010011,3,phone_gyro|audio|phone_state,phone_acc|watch_acc|location,0.517701622358,0.66537200865,0.524193516294,0.141267502396,0.0216460855917,0.0346947962272,0.0347199951725,0.00584890113268,5,3
B5,mask.010100,2,phone_gyro|location,phone_acc|watch_acc|audio|phone_state,0.454047759482,0.550602807736,0.438046140277,0.186704059413,0.0234600967602,0.0201667907037,0.0375135663807,0.0041203060265,5,3
B5,mask.010101,3,phone_gyro|location|phone_state,phone_acc|watch_acc|audio,0.528080721588,0.65187360109,0.518744618079,0.151600021613,0.0312360776836,0.0295519050183,0.0390637637612,0.00927616367759,5,3
B5,mask.010110,3,phone_gyro|location|audio,phone_acc|watch_acc|phone_state,0.522329793351,0.638514268509,0.516157689195,0.149707255479,0.034563620585,0.0223142915959,0.0338853969031,0.00511508421348,5,3
B5,mask.010111,4,phone_gyro|location|audio|phone_state,phone_acc|watch_acc,0.555525764082,0.68082533772,0.556015777885,0.136075996562,0.0253709848589,0.0355858297521,0.0270795180144,0.0107947611217,5,3
B5,mask.011000,2,phone_gyro|watch_acc,phone_acc|location|audio|phone_state,0.460196106581,0.57234010864,0.465881123193,0.180925470483,0.0235285773784,0.0140344242272,0.0378671733614,0.00828299188382,5,3
B5,mask.011001,3,phone_gyro|watch_acc|phone_state,phone_acc|location|audio,0.549169709569,0.659864698498,0.550126377919,0.145772793467,0.0313656336162,0.01494419378,0.0375284823753,0.00453092273691,5,3
B5,mask.011010,3,phone_gyro|watch_acc|audio,phone_acc|location|phone_state,0.534194005326,0.654007810035,0.539176662001,0.142860929854,0.0275011769345,0.0228171500865,0.0422607006748,0.00450495232608,5,3
B5,mask.011011,4,phone_gyro|watch_acc|audio|phone_state,phone_acc|location,0.574535930439,0.689827915161,0.585903170029,0.130272443958,0.0246778350031,0.0247194438546,0.0429749987304,0.0022123289853,5,3
B5,mask.011100,3,phone_gyro|watch_acc|location,phone_acc|audio|phone_state,0.52054636129,0.610906345433,0.518274533485,0.163913615437,0.0261489750944,0.0240540765163,0.0438636712288,0.00336536474687,5,3
B5,mask.011101,4,phone_gyro|watch_acc|location|phone_state,phone_acc|audio,0.578911340886,0.678066949659,0.576757043346,0.138495921645,0.0315346698074,0.0264787474695,0.03403523964,0.00720996110289,5,3
B5,mask.011110,4,phone_gyro|watch_acc|location|audio,phone_acc|phone_state,0.571862945617,0.669774892842,0.570623441612,0.137205529021,0.0289630052988,0.0275770954855,0.034905266523,0.00477075919239,5,3
B5,mask.011111,5,phone_gyro|watch_acc|location|audio|phone_state,phone_acc,0.599566363844,0.701984076432,0.602854555554,0.126516014174,0.023641361168,0.0314987127553,0.028185206221,0.00815083381209,5,3
B5,mask.100000,1,phone_acc,phone_gyro|watch_acc|location|audio|phone_state,0.379249565319,0.499119027389,0.37453063143,0.216057834143,0.0234752729243,0.0346602202316,0.0267287196213,0.0149928446948,5,3
B5,mask.100001,2,phone_acc|phone_state,phone_gyro|watch_acc|location|audio,0.49519634752,0.635299546859,0.48194003088,0.160099186251,0.0276249443444,0.0292103351566,0.0310397805752,0.0102958172706,5,3
B5,mask.100010,2,phone_acc|audio,phone_gyro|watch_acc|location|phone_state,0.480376447067,0.619601366194,0.474596615892,0.159114227134,0.0208478657261,0.0233982668707,0.029190108205,0.00468413606085,5,3
B5,mask.100011,3,phone_acc|audio|phone_state,phone_gyro|watch_acc|location,0.527164495408,0.668398130264,0.530242099751,0.141671512601,0.0228456312995,0.0325967616861,0.0308962639175,0.00700259894664,5,3
B5,mask.100100,2,phone_acc|location,phone_gyro|watch_acc|audio|phone_state,0.456858678494,0.559633127533,0.449696195557,0.186265586218,0.0320588258626,0.0411546139462,0.0415759585646,0.0145386458017,5,3
B5,mask.100101,3,phone_acc|location|phone_state,phone_gyro|watch_acc|audio,0.530125478453,0.652608706121,0.521575832578,0.151555587093,0.032646509,0.0324352095808,0.0349975346543,0.011945573368,5,3
B5,mask.100110,3,phone_acc|location|audio,phone_gyro|watch_acc|phone_state,0.523739153914,0.636922716301,0.516565184382,0.151970690392,0.0236333878369,0.0285140964211,0.028191559998,0.00845167246342,5,3
B5,mask.100111,4,phone_acc|location|audio|phone_state,phone_gyro|watch_acc,0.554518097612,0.67965352495,0.557482055434,0.137027802592,0.0199210204107,0.0352990193461,0.0227709765308,0.0109613214826,5,3
B5,mask.101000,2,phone_acc|watch_acc,phone_gyro|location|audio|phone_state,0.485364072173,0.585253525109,0.493378788491,0.175279453733,0.0322918490811,0.0312970971512,0.0444291104354,0.0131658023775,5,3
B5,mask.101001,3,phone_acc|watch_acc|phone_state,phone_gyro|location|audio,0.557422396405,0.663931449382,0.561366058037,0.144402453364,0.0367885476383,0.0200330496221,0.042447827679,0.0082202934892,5,3
B5,mask.101010,3,phone_acc|watch_acc|audio,phone_gyro|location|phone_state,0.548828692825,0.656131673565,0.55468335742,0.143046237178,0.0252356245106,0.0222936008565,0.0433296915707,0.00395628206451,5,3
B5,mask.101011,4,phone_acc|watch_acc|audio|phone_state,phone_gyro|location,0.581896192915,0.690965159062,0.593275524352,0.130830255451,0.0283213926439,0.0250582340986,0.0437686857937,0.00468120152103,5,3
B5,mask.101100,3,phone_acc|watch_acc|location,phone_gyro|audio|phone_state,0.524799208997,0.614105267239,0.530499986061,0.161975289123,0.0362870528588,0.0417503136602,0.0453951429818,0.015382773598,5,3
B5,mask.101101,4,phone_acc|watch_acc|location|phone_state,phone_gyro|audio,0.579090460883,0.677889800545,0.58199173945,0.138564475058,0.0362701209895,0.031246168584,0.0329615161694,0.0107978983543,5,3
B5,mask.101110,4,phone_acc|watch_acc|location|audio,phone_gyro|phone_state,0.574570496606,0.667683403501,0.576280881463,0.138643719921,0.032373861521,0.0311369746931,0.0326415154782,0.00848511027119,5,3
B5,mask.101111,5,phone_acc|watch_acc|location|audio|phone_state,phone_gyro,0.59973150957,0.700855090495,0.606467252121,0.127478845558,0.0249395397164,0.031534875592,0.0271484417827,0.00897083374716,5,3
B5,mask.110000,2,phone_acc|phone_gyro,watch_acc|location|audio|phone_state,0.404829899657,0.522150553222,0.40218254425,0.203095531069,0.025529839312,0.0408075118851,0.0251571501279,0.0126846242835,5,3
B5,mask.110001,3,phone_acc|phone_gyro|phone_state,watch_acc|location|audio,0.506910182232,0.641348763878,0.506963411107,0.155594387361,0.0238888837705,0.0324167689914,0.031197416696,0.00905200365706,5,3
B5,mask.110010,3,phone_acc|phone_gyro|audio,watch_acc|location|phone_state,0.490072925457,0.623611703345,0.496881983246,0.157402050577,0.0228494551798,0.023588084155,0.0287843716892,0.00567376862745,5,3
B5,mask.110011,4,phone_acc|phone_gyro|audio|phone_state,watch_acc|location,0.53832768134,0.673099677785,0.551217768626,0.139708017271,0.0204443077171,0.0343679086605,0.0318109404506,0.00650169775835,5,3
B5,mask.110100,3,phone_acc|phone_gyro|location,watch_acc|audio|phone_state,0.477185074229,0.568228078052,0.468987555674,0.183252055673,0.0249075505685,0.0352950701993,0.041522096313,0.0118154561259,5,3
B5,mask.110101,4,phone_acc|phone_gyro|location|phone_state,watch_acc|audio,0.547344030867,0.659080454986,0.544769163274,0.148928530811,0.0310179673178,0.0320147456998,0.0345592145097,0.0107048934611,5,3
B5,mask.110110,4,phone_acc|phone_gyro|location|audio,watch_acc|phone_state,0.538294720434,0.642063995592,0.53650335735,0.150988271616,0.026398046263,0.0271935218591,0.030130717692,0.00733102587526,5,3
B5,mask.110111,5,phone_acc|phone_gyro|location|audio|phone_state,watch_acc,0.571543099771,0.685403337398,0.576272194126,0.135679496044,0.022136833457,0.0345701850373,0.0243523565979,0.0101177970211,5,3
B5,mask.111000,3,phone_acc|phone_gyro|watch_acc,location|audio|phone_state,0.491571076858,0.587312708127,0.498349205997,0.173455244626,0.0248097671916,0.0253359759205,0.038110525091,0.00981436059163,5,3
B5,mask.111001,4,phone_acc|phone_gyro|watch_acc|phone_state,location|audio,0.563642310422,0.665411174707,0.571116583302,0.142962198893,0.0308231595505,0.0211000777623,0.0371684551456,0.00675674991101,5,3
B5,mask.111010,4,phone_acc|phone_gyro|watch_acc|audio,location|phone_state,0.551815235245,0.65512998753,0.560943036436,0.143396418506,0.0242663275398,0.0206284680753,0.0411862461547,0.00409570458533,5,3
B5,mask.111011,5,phone_acc|phone_gyro|watch_acc|audio|phone_state,location,0.586642003807,0.691830321689,0.601800778928,0.1303112959,0.0234546217024,0.0273288234743,0.0396949130798,0.00408835846553,5,3
B5,mask.111100,4,phone_acc|phone_gyro|watch_acc|location,audio|phone_state,0.532979145095,0.616274721229,0.536028300336,0.161707289146,0.0311197677578,0.0350845243791,0.0432330600033,0.0115409436793,5,3
B5,mask.111101,5,phone_acc|phone_gyro|watch_acc|location|phone_state,audio,0.587616658879,0.680379638797,0.590873325767,0.137665861844,0.0335368306021,0.0304067566961,0.030546761706,0.00946883688382,5,3
B5,mask.111110,5,phone_acc|phone_gyro|watch_acc|location|audio,phone_state,0.579347335547,0.669056453617,0.582759844036,0.138868476382,0.0314901167164,0.028929894895,0.031893191585,0.00650616124603,5,3
B5,mask.111111,6,phone_acc|phone_gyro|watch_acc|location|audio|phone_state,,0.606955572483,0.702743227076,0.613984694327,0.127185868331,0.0234905910448,0.0316270196335,0.0250732663826,0.00806947832389,5,3
P,mask.000001,1,phone_state,phone_acc|phone_gyro|watch_acc|location|audio,0.428706802591,0.603997349594,0.421904418391,0.176722781103,0.0229057236928,0.0339862805365,0.0236115313236,0.007301500775,5,3
P,mask.000010,1,audio,phone_acc|phone_gyro|watch_acc|location|phone_state,0.404575527964,0.598037371781,0.400895039197,0.164294752333,0.0346421065733,0.0227251121147,0.0324520546812,0.00736909417947,5,3
P,mask.000011,2,audio|phone_state,phone_acc|phone_gyro|watch_acc|location,0.468449434882,0.649106581779,0.473241659503,0.147821836785,0.022401278936,0.0292089673831,0.0327585925365,0.00396148634963,5,3
P,mask.000100,1,location,phone_acc|phone_gyro|watch_acc|audio|phone_state,0.379557581451,0.528285608992,0.374544432833,0.193446144008,0.0279936207866,0.0208253538165,0.0425837191461,0.00848964598153,5,3
P,mask.000101,2,location|phone_state,phone_acc|phone_gyro|watch_acc|audio,0.474465929539,0.630634216941,0.469195229039,0.160034773498,0.0282348855683,0.0314906930294,0.0355095828925,0.010966415825,5,3
P,mask.000110,2,location|audio,phone_acc|phone_gyro|watch_acc|phone_state,0.470788769736,0.627806865901,0.463592512784,0.152297364009,0.0289394990262,0.0259288414176,0.0346138810137,0.00840309091047,5,3
P,mask.000111,3,location|audio|phone_state,phone_acc|phone_gyro|watch_acc,0.504301205693,0.667188902602,0.509229023512,0.140599833469,0.0168256895757,0.0330676045091,0.0268420816056,0.00985722368099,5,3
P,mask.001000,1,watch_acc,phone_acc|phone_gyro|location|audio|phone_state,0.434759060439,0.563946458123,0.451817657368,0.185191262353,0.029721802667,0.0187137990997,0.0393229869996,0.0067397576153,5,3
P,mask.001001,2,watch_acc|phone_state,phone_acc|phone_gyro|location|audio,0.533845716182,0.652500743994,0.534178769871,0.150382165753,0.0387026821123,0.0204101712522,0.0458415480436,0.00614120451237,5,3
P,mask.001010,2,watch_acc|audio,phone_acc|phone_gyro|location|phone_state,0.516591295408,0.652905737345,0.520211157478,0.143126130311,0.0293761149647,0.0184904880607,0.0416621506037,0.00409330027301,5,3
P,mask.001011,3,watch_acc|audio|phone_state,phone_acc|phone_gyro|location,0.556126711915,0.68283207729,0.565247266326,0.13277976235,0.0357992193908,0.0225015429427,0.0484514354018,0.00316794458367,5,3
P,mask.001100,2,watch_acc|location,phone_acc|phone_gyro|audio|phone_state,0.506876627266,0.609166463498,0.50659379574,0.164752672366,0.0280318607224,0.0306979231036,0.0443920286051,0.00866362566186,5,3
P,mask.001101,3,watch_acc|location|phone_state,phone_acc|phone_gyro|audio,0.560166243721,0.671024542127,0.56019061776,0.141271170619,0.0334334997191,0.0292489239264,0.0393988313033,0.00941144463893,5,3
P,mask.001110,3,watch_acc|location|audio,phone_acc|phone_gyro|phone_state,0.558055351338,0.668293278456,0.556266200621,0.13714523221,0.026298936897,0.0299067639825,0.0348117132456,0.00783759335429,5,3
P,mask.001111,4,watch_acc|location|audio|phone_state,phone_acc|phone_gyro,0.578350448549,0.696002183172,0.583995655662,0.128301581223,0.0269450188862,0.0305870478219,0.0338011600441,0.00898940263456,5,3
P,mask.010000,1,phone_gyro,phone_acc|watch_acc|location|audio|phone_state,0.344931931156,0.489291255657,0.34387714612,0.214929943464,0.0283859936806,0.0486912973227,0.0159289468319,0.0146888238301,5,3
P,mask.010001,2,phone_gyro|phone_state,phone_acc|watch_acc|location|audio,0.483325231887,0.625064506024,0.472872787767,0.163933857845,0.0274967875035,0.0340404975103,0.0335369107574,0.00855595798041,5,3
P,mask.010010,2,phone_gyro|audio,phone_acc|watch_acc|location|phone_state,0.453494369964,0.615455296595,0.455214841751,0.157089949612,0.0300402191564,0.0240038525059,0.0321352682079,0.00651737231163,5,3
P,mask.010011,3,phone_gyro|audio|phone_state,phone_acc|watch_acc|location,0.51242684063,0.663447193563,0.516183694095,0.142696476142,0.0248508532688,0.0304078449424,0.035664201509,0.00343791744738,5,3
P,mask.010100,2,phone_gyro|location,phone_acc|watch_acc|audio|phone_state,0.455125223708,0.552920121287,0.440779361507,0.184505091388,0.0269947638479,0.0211937665947,0.0400051543959,0.00520953951062,5,3
P,mask.010101,3,phone_gyro|location|phone_state,phone_acc|watch_acc|audio,0.525049939148,0.64809701443,0.517824710139,0.153348926215,0.0353421723727,0.0328253443876,0.0425166551065,0.00990179875188,5,3
P,mask.010110,3,phone_gyro|location|audio,phone_acc|watch_acc|phone_state,0.517472402152,0.640642514461,0.513154950154,0.148560872556,0.0349250806213,0.0251933469388,0.0369463383792,0.00492230607123,5,3
P,mask.010111,4,phone_gyro|location|audio|phone_state,phone_acc|watch_acc,0.546164791254,0.679396239654,0.549005988836,0.137289709212,0.0272476162108,0.0326666011965,0.0318700649242,0.00862811578624,5,3
P,mask.011000,2,phone_gyro|watch_acc,phone_acc|location|audio|phone_state,0.464277805576,0.577947417007,0.470339397993,0.17820887267,0.019794424296,0.0202622595457,0.0339753083886,0.00745224521203,5,3
P,mask.011001,3,phone_gyro|watch_acc|phone_state,phone_acc|location|audio,0.55093167934,0.657771583275,0.552702480138,0.146817744331,0.0339127234351,0.0227776113497,0.0404801327471,0.00578177183303,5,3
P,mask.011010,3,phone_gyro|watch_acc|audio,phone_acc|location|phone_state,0.532441330231,0.658074702352,0.539137586796,0.141340476292,0.0282040660856,0.0222185185612,0.0410321291033,0.00480146444981,5,3
P,mask.011011,4,phone_gyro|watch_acc|audio|phone_state,phone_acc|location,0.571667771056,0.688097914722,0.582703004096,0.13116565451,0.0323792106652,0.0241716201117,0.0441954416917,0.00264902941672,5,3
P,mask.011100,3,phone_gyro|watch_acc|location,phone_acc|audio|phone_state,0.525282425612,0.615998288664,0.521305420018,0.161994095354,0.0228963847353,0.0286639769172,0.0387668255693,0.00376548488233,5,3
P,mask.011101,4,phone_gyro|watch_acc|location|phone_state,phone_acc|audio,0.577602130068,0.676957316033,0.576592930482,0.138925592583,0.0325826992151,0.0293855295003,0.0356341670612,0.00828176754474,5,3
P,mask.011110,4,phone_gyro|watch_acc|location|audio,phone_acc|phone_state,0.572051615769,0.673071309568,0.57122319412,0.135978178893,0.0249347834904,0.0289295743599,0.0336218727093,0.00514176756105,5,3
P,mask.011111,5,phone_gyro|watch_acc|location|audio|phone_state,phone_acc,0.594791990743,0.701325272109,0.599340012044,0.127104541208,0.0266215218859,0.0307577296333,0.0314804094188,0.00785250178127,5,3
P,mask.100000,1,phone_acc,phone_gyro|watch_acc|location|audio|phone_state,0.38157230253,0.505510547483,0.370902248708,0.208775281868,0.02166462777,0.0342982880547,0.0222435471937,0.00990805870415,5,3
P,mask.100001,2,phone_acc|phone_state,phone_gyro|watch_acc|location|audio,0.492100630972,0.628884435837,0.48237024646,0.160042462577,0.0368613627148,0.0400143860853,0.0398761563211,0.0115849279669,5,3
P,mask.100010,2,phone_acc|audio,phone_gyro|watch_acc|location|phone_state,0.475105470864,0.623880215647,0.46978252667,0.156332170553,0.0253446389574,0.0207970735823,0.0335473212011,0.00417933567978,5,3
P,mask.100011,3,phone_acc|audio|phone_state,phone_gyro|watch_acc|location,0.522187726693,0.665927325444,0.523153666832,0.14188663395,0.0297133774074,0.0305524023691,0.0344777099116,0.0048277733517,5,3
P,mask.100100,2,phone_acc|location,phone_gyro|watch_acc|audio|phone_state,0.45871177735,0.563088310197,0.448992352527,0.18293105222,0.0299902782432,0.0374014144419,0.0400479975,0.00935002718549,5,3
P,mask.100101,3,phone_acc|location|phone_state,phone_gyro|watch_acc|audio,0.524333879817,0.64835469692,0.521211212245,0.15161545357,0.0369002303216,0.0357658334026,0.0418735055106,0.0120363627,5,3
P,mask.100110,3,phone_acc|location|audio,phone_gyro|watch_acc|phone_state,0.523374736466,0.64184671392,0.513294170143,0.149924803848,0.0277821273732,0.0259584184368,0.0352087273877,0.00488457686705,5,3
P,mask.100111,4,phone_acc|location|audio|phone_state,phone_gyro|watch_acc,0.548310543516,0.679043018731,0.550969360386,0.137200083498,0.0251357166894,0.0326491867578,0.0295284900282,0.00882481574156,5,3
P,mask.101000,2,phone_acc|watch_acc,phone_gyro|location|audio|phone_state,0.489859004072,0.592398260507,0.498683791972,0.170208458323,0.0344101792691,0.0253221092773,0.0418595010145,0.0100985669833,5,3
P,mask.101001,3,phone_acc|watch_acc|phone_state,phone_gyro|location|audio,0.556708961995,0.662076146752,0.563038754382,0.143817025349,0.0394264749029,0.0268823094641,0.0443319760035,0.0085284773457,5,3
P,mask.101010,3,phone_acc|watch_acc|audio,phone_gyro|location|phone_state,0.54910533131,0.662252039248,0.555174326398,0.139989427021,0.0291790562007,0.0162691914126,0.0457966371496,0.00266495321734,5,3
P,mask.101011,4,phone_acc|watch_acc|audio|phone_state,phone_gyro|location,0.578622093547,0.690094667347,0.590086555807,0.130579465359,0.0351789699679,0.0246620882041,0.045500679236,0.00389852495528,5,3
P,mask.101100,3,phone_acc|watch_acc|location,phone_gyro|audio|phone_state,0.530184332663,0.620814345951,0.533804096507,0.158430649626,0.034150715628,0.0347846507207,0.0433298918067,0.0107987289597,5,3
P,mask.101101,4,phone_acc|watch_acc|location|phone_state,phone_gyro|audio,0.577652538658,0.678373198386,0.58191728202,0.137612629435,0.0366534845842,0.0308503906346,0.0368424779732,0.0102363979682,5,3
P,mask.101110,4,phone_acc|watch_acc|location|audio,phone_gyro|phone_state,0.575486201962,0.672469133587,0.577575539718,0.136246497674,0.0306127206693,0.0265622215856,0.0347717240382,0.00574829545657,5,3
P,mask.101111,5,phone_acc|watch_acc|location|audio|phone_state,phone_gyro,0.596209752119,0.7013329071,0.603101213503,0.12716204827,0.0280880255515,0.0300265108101,0.0313831278854,0.00806072819309,5,3
P,mask.110000,2,phone_acc|phone_gyro,watch_acc|location|audio|phone_state,0.402781455815,0.522295136356,0.400513990599,0.201944879976,0.0301071633655,0.0407660283033,0.0215622941329,0.0142893844757,5,3
P,mask.110001,3,phone_acc|phone_gyro|phone_state,watch_acc|location|audio,0.504658908572,0.635956868669,0.504305292139,0.156891035647,0.0340658324758,0.0400466524061,0.0375278338391,0.0113237005615,5,3
P,mask.110010,3,phone_acc|phone_gyro|audio,watch_acc|location|phone_state,0.484157356053,0.629638728987,0.4920915169,0.155146431394,0.0267852306092,0.0230827759612,0.0299909124566,0.00547054392065,5,3
P,mask.110011,4,phone_acc|phone_gyro|audio|phone_state,watch_acc|location,0.532443426499,0.670852544348,0.542240565653,0.140602000517,0.0268880908179,0.0325767693757,0.0332943205713,0.00508148583183,5,3
P,mask.110100,3,phone_acc|phone_gyro|location,watch_acc|audio|phone_state,0.476755165031,0.573827660926,0.468367650064,0.180040424802,0.0236296744628,0.037224149925,0.0377802729746,0.00719671681515,5,3
P,mask.110101,4,phone_acc|phone_gyro|location|phone_state,watch_acc|audio,0.539481870299,0.655024646371,0.540427324805,0.149685900392,0.0350457159028,0.0371122139171,0.0399990841982,0.011793017258,5,3
P,mask.110110,4,phone_acc|phone_gyro|location|audio,watch_acc|phone_state,0.536105587433,0.647413827699,0.533020864119,0.149094580255,0.027641355934,0.0263542385458,0.0335076809102,0.00382236371074,5,3
P,mask.110111,5,phone_acc|phone_gyro|location|audio|phone_state,watch_acc,0.56223496623,0.684900940656,0.568545390297,0.136281815671,0.0263230312373,0.0333145294837,0.0292781042877,0.00830777281761,5,3
P,mask.111000,3,phone_acc|phone_gyro|watch_acc,location|audio|phone_state,0.496472259558,0.593747938195,0.504959544389,0.169724806106,0.0249512586907,0.027200441508,0.0345227449961,0.00943934206411,5,3
P,mask.111001,4,phone_acc|phone_gyro|watch_acc|phone_state,location|audio,0.563213412298,0.662954515154,0.571875458148,0.14326895278,0.0357716398988,0.028392895455,0.0387927686285,0.00872828334851,5,3
P,mask.111010,4,phone_acc|phone_gyro|watch_acc|audio,location|phone_state,0.551880678209,0.66174296799,0.563113815869,0.140709824438,0.0260316713184,0.0194061780126,0.0410042686844,0.00378456784942,5,3
P,mask.111011,5,phone_acc|phone_gyro|watch_acc|audio|phone_state,location,0.584137746504,0.691429843284,0.598784905044,0.130621940244,0.0312240706426,0.0268406031111,0.0407556411473,0.0043312453747,5,3
P,mask.111100,4,phone_acc|phone_gyro|watch_acc|location,audio|phone_state,0.538645827699,0.62403249873,0.539962768414,0.158425047548,0.029398630581,0.0347273924573,0.0385674075208,0.00825768873175,5,3
P,mask.111101,5,phone_acc|phone_gyro|watch_acc|location|phone_state,audio,0.585478695865,0.68045858651,0.589550408237,0.137262777303,0.0348810761428,0.0323882855113,0.0335413818659,0.00995060316846,5,3
P,mask.111110,5,phone_acc|phone_gyro|watch_acc|location|audio,phone_state,0.58047945907,0.673530564739,0.58457078192,0.136633374484,0.02880369452,0.0272746063764,0.032038659368,0.00433689707335,5,3
P,mask.111111,6,phone_acc|phone_gyro|watch_acc|location|audio|phone_state,,0.603118806935,0.703222682966,0.610666187221,0.127183313686,0.0270749697113,0.031266744399,0.028559965596,0.00760713317477,5,3
P2,mask.000001,1,phone_state,phone_acc|phone_gyro|watch_acc|location|audio,0.430193698008,0.607134944022,0.422767167499,0.175695267343,0.0237146656962,0.0211133795902,0.0269430273739,0.00697331416042,5,3
P2,mask.000010,1,audio,phone_acc|phone_gyro|watch_acc|location|phone_state,0.397735317659,0.592070234199,0.401032861455,0.165610773192,0.0291745679927,0.0235204017553,0.0318042630008,0.00428166648287,5,3
P2,mask.000011,2,audio|phone_state,phone_acc|phone_gyro|watch_acc|location,0.474422821028,0.65133467537,0.476993226694,0.147414216366,0.0212898934842,0.0239106916601,0.0376915218032,0.00358776531711,5,3
P2,mask.000100,1,location,phone_acc|phone_gyro|watch_acc|audio|phone_state,0.379119276767,0.524232254501,0.373645684148,0.195657583331,0.0202752140236,0.0203029719906,0.0368376921402,0.0084823976303,5,3
P2,mask.000101,2,location|phone_state,phone_acc|phone_gyro|watch_acc|audio,0.475167878688,0.628373000553,0.467636428356,0.161320494042,0.0281861327338,0.0268088540267,0.035637952295,0.0100997359505,5,3
P2,mask.000110,2,location|audio,phone_acc|phone_gyro|watch_acc|phone_state,0.47565761457,0.62565948005,0.46820743268,0.152811280619,0.0270642318121,0.023252665421,0.0313264502086,0.00752443752219,5,3
P2,mask.000111,3,location|audio|phone_state,phone_acc|phone_gyro|watch_acc,0.508125710835,0.667087553649,0.513648046101,0.140792878072,0.0172597331763,0.0316829167971,0.0283807716761,0.00973604772297,5,3
P2,mask.001000,1,watch_acc,phone_acc|phone_gyro|location|audio|phone_state,0.431229601127,0.555084115068,0.449990199622,0.188693049599,0.0297497264204,0.0126320779859,0.0407948032069,0.00766093028898,5,3
P2,mask.001001,2,watch_acc|phone_state,phone_acc|phone_gyro|location|audio,0.534068609687,0.654599001115,0.533379039311,0.149944515332,0.0402692636896,0.0158463342813,0.0433718204085,0.00755341247956,5,3
P2,mask.001010,2,watch_acc|audio,phone_acc|phone_gyro|location|phone_state,0.514290977725,0.650411487618,0.519472289772,0.143222409851,0.0331738743927,0.0151660303127,0.0437602318574,0.00484547402346,5,3
P2,mask.001011,3,watch_acc|audio|phone_state,phone_acc|phone_gyro|location,0.558168545593,0.68521853379,0.567071398247,0.132047699266,0.0323860146714,0.0170502064005,0.0493647863003,0.0042879702916,5,3
P2,mask.001100,2,watch_acc|location,phone_acc|phone_gyro|audio|phone_state,0.505550658564,0.605926759247,0.50772017394,0.166693313949,0.0269783296954,0.0245999674931,0.0477435917911,0.00775866947796,5,3
P2,mask.001101,3,watch_acc|location|phone_state,phone_acc|phone_gyro|audio,0.558773815003,0.669992292684,0.56078906761,0.142317607659,0.0337668938149,0.0231223747857,0.0389429221834,0.00874785661624,5,3
P2,mask.001110,3,watch_acc|location|audio,phone_acc|phone_gyro|phone_state,0.559407462513,0.668667299824,0.558543335782,0.137261645635,0.0296642362245,0.0252136065737,0.0361644379866,0.00792813010127,5,3
P2,mask.001111,4,watch_acc|location|audio|phone_state,phone_acc|phone_gyro,0.579112545532,0.697089199722,0.587908692742,0.128200753149,0.0248916431011,0.0277644472551,0.033610560063,0.00875054136182,5,3
P2,mask.010000,1,phone_gyro,phone_acc|watch_acc|location|audio|phone_state,0.340406932886,0.487631547336,0.343119400761,0.214889325315,0.0283925772818,0.039012804124,0.0159080560929,0.0121069846538,5,3
P2,mask.010001,2,phone_gyro|phone_state,phone_acc|watch_acc|location|audio,0.48504611603,0.628552326388,0.475299630759,0.163272371315,0.029939806256,0.0250892136693,0.0334305787063,0.00900619215001,5,3
P2,mask.010010,2,phone_gyro|audio,phone_acc|watch_acc|location|phone_state,0.455731753661,0.612148820668,0.458521860339,0.15808904553,0.0316250972535,0.0252063618624,0.0343042417526,0.00518023388782,5,3
P2,mask.010011,3,phone_gyro|audio|phone_state,phone_acc|watch_acc|location,0.516466606046,0.665964617594,0.522276228605,0.141975618899,0.0235959348538,0.0251575197783,0.0432366787685,0.00323796570369,5,3
P2,mask.010100,2,phone_gyro|location,phone_acc|watch_acc|audio|phone_state,0.449582591247,0.547443260219,0.435604430017,0.188571047181,0.0248842423398,0.0114637637494,0.0373786115918,0.00719269097241,5,3
P2,mask.010101,3,phone_gyro|location|phone_state,phone_acc|watch_acc|audio,0.525071943587,0.647217042265,0.518659792431,0.154128706954,0.0345003395218,0.0247191747729,0.042516221889,0.00914927674424,5,3
P2,mask.010110,3,phone_gyro|location|audio,phone_acc|watch_acc|phone_state,0.521550737362,0.639485396171,0.51582469519,0.149066849032,0.0334639125684,0.0176468735829,0.0357729294443,0.00367145291456,5,3
P2,mask.010111,4,phone_gyro|location|audio|phone_state,phone_acc|watch_acc,0.550431432499,0.679370272071,0.553623308618,0.137339287151,0.0255801117846,0.0292784174641,0.0328066395498,0.00870348810393,5,3
P2,mask.011000,2,phone_gyro|watch_acc,phone_acc|location|audio|phone_state,0.459935437373,0.569658676586,0.468366454174,0.181183441549,0.017487415369,0.014208500464,0.0355876890409,0.00937170130968,5,3
P2,mask.011001,3,phone_gyro|watch_acc|phone_state,phone_acc|location|audio,0.551216455294,0.660427772072,0.553047334039,0.146574142787,0.033871297574,0.0162220941774,0.0382270571785,0.00763117701729,5,3
P2,mask.011010,3,phone_gyro|watch_acc|audio,phone_acc|location|phone_state,0.532083799903,0.656312031519,0.539904437847,0.140969600807,0.0248877440702,0.0184195710856,0.0397313748617,0.00472379195106,5,3
P2,mask.011011,4,phone_gyro|watch_acc|audio|phone_state,phone_acc|location,0.573530006421,0.690751203121,0.585038161211,0.130509598336,0.0255790469634,0.019227245333,0.0446236109162,0.00333654985794,5,3
P2,mask.011100,3,phone_gyro|watch_acc|location,phone_acc|audio|phone_state,0.523304130503,0.612898304584,0.523279019763,0.163769282908,0.025787556643,0.0166827164386,0.0437847600756,0.0020622854359,5,3
P2,mask.011101,4,phone_gyro|watch_acc|location|phone_state,phone_acc|audio,0.57696217283,0.676948606188,0.578838715277,0.139925750628,0.0321321224578,0.0217936361776,0.0360275285272,0.00729646562706,5,3
P2,mask.011110,4,phone_gyro|watch_acc|location|audio,phone_acc|phone_state,0.574660573325,0.673984847388,0.574370141194,0.135813936859,0.0268851189757,0.0220071341946,0.0341494832713,0.00495315419435,5,3
P2,mask.011111,5,phone_gyro|watch_acc|location|audio|phone_state,phone_acc,0.596634725693,0.70263329252,0.603360639604,0.127131883835,0.0238955878666,0.026384674304,0.0310798672274,0.00757283431717,5,3
P2,mask.100000,1,phone_acc,phone_gyro|watch_acc|location|audio|phone_state,0.381035500228,0.50054330478,0.373965137743,0.213041842768,0.0264594112568,0.0344497425132,0.0205798412245,0.0134359219351,5,3
P2,mask.100001,2,phone_acc|phone_state,phone_gyro|watch_acc|location|audio,0.49903245233,0.63466617606,0.483912576746,0.159268281126,0.032875850716,0.0269717305863,0.0373585780366,0.00991090280479,5,3
P2,mask.100010,2,phone_acc|audio,phone_gyro|watch_acc|location|phone_state,0.472664510404,0.618151752705,0.471849394179,0.158129486158,0.022026205943,0.0196703820238,0.0332499548569,0.00668519318756,5,3
P2,mask.100011,3,phone_acc|audio|phone_state,phone_gyro|watch_acc|location,0.523969449806,0.667888915071,0.527600388093,0.14127759376,0.0245041922447,0.0254829492527,0.0377670525298,0.0045924248188,5,3
P2,mask.100100,2,phone_acc|location,phone_gyro|watch_acc|audio|phone_state,0.453082941906,0.560742476587,0.447461022549,0.186092625205,0.0316476804472,0.034722599412,0.0378886076549,0.0120833865129,5,3
P2,mask.100101,3,phone_acc|location|phone_state,phone_gyro|watch_acc|audio,0.5274472059,0.650986341461,0.521417533422,0.151807950027,0.0334840093551,0.0261353400807,0.0376674464807,0.0103339275775,5,3
P2,mask.100110,3,phone_acc|location|audio,phone_gyro|watch_acc|phone_state,0.521703130285,0.638050449024,0.516178576209,0.151492233906,0.0229899397026,0.0242448794961,0.0319644366308,0.0071700677246,5,3
P2,mask.100111,4,phone_acc|location|audio|phone_state,phone_gyro|watch_acc,0.54943253651,0.679743427112,0.55502818744,0.136878537415,0.0217481096686,0.0298635241565,0.028178144195,0.0093188048125,5,3
P2,mask.101000,2,phone_acc|watch_acc,phone_gyro|location|audio|phone_state,0.490182517648,0.590171043869,0.498611440705,0.171977707623,0.0340809125706,0.0224225085201,0.0419608865928,0.00896400560656,5,3
P2,mask.101001,3,phone_acc|watch_acc|phone_state,phone_gyro|location|audio,0.559534148084,0.666999876764,0.564839113236,0.143263554596,0.0380143199794,0.0169327268865,0.044300822367,0.00777048385556,5,3
P2,mask.101010,3,phone_acc|watch_acc|audio,phone_gyro|location|phone_state,0.547695064743,0.658524412395,0.554447296283,0.140974126087,0.0284976886341,0.0126299267907,0.0453619124563,0.00427556749891,5,3
P2,mask.101011,4,phone_acc|watch_acc|audio|phone_state,phone_gyro|location,0.580207331692,0.69265959424,0.592541738899,0.130038134013,0.0311389056084,0.0192080392657,0.0467591245093,0.00398113599315,5,3
P2,mask.101100,3,phone_acc|watch_acc|location,phone_gyro|audio|phone_state,0.530212233096,0.620709221554,0.535249322066,0.159570968869,0.0358017169288,0.0288296390755,0.0437961584842,0.00984680307183,5,3
P2,mask.101101,4,phone_acc|watch_acc|location|phone_state,phone_gyro|audio,0.578890595562,0.67975805921,0.585303342372,0.138004332071,0.034835897008,0.0235397410884,0.0350947080338,0.00870872198901,5,3
P2,mask.101110,4,phone_acc|watch_acc|location|audio,phone_gyro|phone_state,0.575918347116,0.672351259773,0.578609849678,0.136968881041,0.031135119366,0.0217475501139,0.0341529416141,0.00650404060127,5,3
P2,mask.101111,5,phone_acc|watch_acc|location|audio|phone_state,phone_gyro,0.596673465209,0.702590854714,0.607007000812,0.127008281233,0.0259504920692,0.0254111489831,0.0303533861505,0.00802206555452,5,3
P2,mask.110000,2,phone_acc|phone_gyro,watch_acc|location|audio|phone_state,0.397290632427,0.518059933954,0.397923466761,0.20362453826,0.0291520711397,0.0413374072364,0.0202728228884,0.00938409807752,5,3
P2,mask.110001,3,phone_acc|phone_gyro|phone_state,watch_acc|location|audio,0.510333550746,0.640549407593,0.507145648726,0.156000876495,0.0292120354518,0.0289007964453,0.0357816792818,0.00916956581543,5,3
P2,mask.110010,3,phone_acc|phone_gyro|audio,watch_acc|location|phone_state,0.480597171547,0.621483146389,0.493786923551,0.1571898783,0.0235820093359,0.0231487545302,0.0297284978554,0.00689005280206,5,3
P2,mask.110011,4,phone_acc|phone_gyro|audio|phone_state,watch_acc|location,0.536593223089,0.67267334183,0.547546841588,0.1400057558,0.0223682348056,0.0261036765969,0.03768574825,0.0045152000306,5,3
P2,mask.110100,3,phone_acc|phone_gyro|location,watch_acc|audio|phone_state,0.471674271781,0.570584717231,0.465604556932,0.183701539955,0.0291224116934,0.0261957048119,0.0383410241509,0.00930872183011,5,3
P2,mask.110101,4,phone_acc|phone_gyro|location|phone_state,watch_acc|audio,0.544402501382,0.657873918328,0.543151457112,0.149531500069,0.032435399502,0.0254525129134,0.0374887820751,0.00941928283382,5,3
P2,mask.110110,4,phone_acc|phone_gyro|location|audio,watch_acc|phone_state,0.535770321945,0.643585473478,0.535022475259,0.150800716345,0.0249196708718,0.021520405679,0.0318147661807,0.00627488945516,5,3
P2,mask.110111,5,phone_acc|phone_gyro|location|audio|phone_state,watch_acc,0.565661450989,0.685604907819,0.573056138433,0.136022395759,0.0226362729983,0.0284163988529,0.0279146536405,0.00858664860185,5,3
P2,mask.111000,3,phone_acc|phone_gyro|watch_acc,location|audio|phone_state,0.496806500435,0.590869679505,0.504231450865,0.171426191341,0.0241246823136,0.0238727675202,0.0345347053259,0.00832056327129,5,3
P2,mask.111001,4,phone_acc|phone_gyro|watch_acc|phone_state,location|audio,0.566819593943,0.668207784395,0.574550247718,0.142659400952,0.0322428582901,0.0184234495251,0.0386322576932,0.0075888319651,5,3
P2,mask.111010,4,phone_acc|phone_gyro|watch_acc|audio,location|phone_state,0.550916854834,0.657440068454,0.561764962714,0.141509657081,0.022219402496,0.0154349999601,0.0404184529535,0.00458831081667,5,3
P2,mask.111011,5,phone_acc|phone_gyro|watch_acc|audio|phone_state,location,0.586102495731,0.693514898553,0.60112783423,0.130104368961,0.0248111113104,0.0214713029651,0.0417499464581,0.00380952635923,5,3
P2,mask.111100,4,phone_acc|phone_gyro|watch_acc|location,audio|phone_state,0.538329288678,0.62298873825,0.541975871154,0.159657616039,0.0328034326161,0.024026248083,0.0416160636006,0.00651330324127,5,3
P2,mask.111101,5,phone_acc|phone_gyro|watch_acc|location|phone_state,audio,0.587676490592,0.682355561491,0.594201036986,0.137562914163,0.0324779477853,0.0226602029984,0.0330110536777,0.00772673291802,5,3
P2,mask.111110,5,phone_acc|phone_gyro|watch_acc|location|audio,phone_state,0.582225250024,0.67368204303,0.585937279974,0.137225618081,0.0295185172336,0.0205868346963,0.032255158563,0.00470991286638,5,3
P2,mask.111111,6,phone_acc|phone_gyro|watch_acc|location|audio|phone_state,,0.604789303221,0.704592666592,0.614516977933,0.127125567443,0.0238823304452,0.0250640608095,0.0281019598548,0.0072499281237,5,3
