model_id,scenario_id,fault,target_modality,fault_length,phase,macro_f1,micro_f1,masked_bce,macro_f1_fold_std,micro_f1_fold_std,masked_bce_fold_std,fold_count,seed_count_per_fold
B4,persistent.drop.audio,drop,audio,5,fault,0.58031904746,0.685376128416,0.477746197228,0.0406442063469,0.0270091905667,0.0482908999513,5,3
B4,persistent.drop.audio,drop,audio,5,post,0.601188529274,0.710050282676,0.417778801474,0.0335906151192,0.0280042694024,0.0314860460429,5,3
B4,persistent.drop.audio,drop,audio,5,pre,0.601991860099,0.712139101685,0.414438956246,0.0385161681784,0.0254004966704,0.0273302794537,5,3
B4,persistent.drop.audio,drop,audio,15,fault,0.591446674487,0.703461155325,0.449832209299,0.0416909873606,0.0283172044367,0.050709392002,5,3
B4,persistent.drop.audio,drop,audio,15,post,0.607809938314,0.728014116701,0.389816802158,0.0515631503302,0.025184602924,0.0287061777734,5,3
B4,persistent.drop.audio,drop,audio,15,pre,0.598298622178,0.725402193369,0.393134481846,0.0427863616578,0.0316263130727,0.0381959642376,5,3
B4,persistent.drop.audio,drop,audio,30,fault,0.572104960055,0.714462835678,0.437237210254,0.0429383632123,0.0390014585942,0.0602539784738,5,3
B4,persistent.drop.audio,drop,audio,30,post,0.609874471618,0.74341852749,0.376973083177,0.0456609418616,0.0348069566464,0.0447359386201,5,3
B4,persistent.drop.audio,drop,audio,30,pre,0.599804223899,0.739007206159,0.37705001413,0.0560238604181,0.0337853243725,0.0398409255663,5,3
B4,persistent.drop.location,drop,location,5,fault,0.575323554856,0.692732164168,0.457515320514,0.0310325972502,0.0299659167351,0.041347229474,5,3
B4,persistent.drop.location,drop,location,5,post,0.601188529274,0.710050282676,0.417778801474,0.0335906151192,0.0280042694024,0.0314860460429,5,3
B4,persistent.drop.location,drop,location,5,pre,0.601991860099,0.712139101685,0.414438956246,0.0385161681784,0.0254004966704,0.0273302794537,5,3
B4,persistent.drop.location,drop,location,15,fault,0.580732507914,0.710632131547,0.430449214426,0.0280000896556,0.0326212037199,0.0523646231069,5,3
B4,persistent.drop.location,drop,location,15,post,0.607809938314,0.728014116701,0.389816802158,0.0515631503302,0.025184602924,0.0287061777734,5,3
B4,persistent.drop.location,drop,location,15,pre,0.598298622178,0.725402193369,0.393134481846,0.0427863616578,0.0316263130727,0.0381959642376,5,3
B4,persistent.drop.location,drop,location,30,fault,0.572373592803,0.726240923752,0.415887504055,0.0310770926349,0.0291957461962,0.0583375023472,5,3
B4,persistent.drop.location,drop,location,30,post,0.609874471618,0.74341852749,0.376973083177,0.0456609418616,0.0348069566464,0.0447359386201,5,3
B4,persistent.drop.location,drop,location,30,pre,0.599804223899,0.739007206159,0.37705001413,0.0560238604181,0.0337853243725,0.0398409255663,5,3
B4,persistent.drop.phone_acc,drop,phone_acc,5,fault,0.591624185975,0.700863064894,0.434113611624,0.0383048864271,0.0292960180862,0.0359253533193,5,3
B4,persistent.drop.phone_acc,drop,phone_acc,5,post,0.601188529274,0.710050282676,0.417778801474,0.0335906151192,0.0280042694024,0.0314860460429,5,3
B4,persistent.drop.phone_acc,drop,phone_acc,5,pre,0.601991860099,0.712139101685,0.414438956246,0.0385161681784,0.0254004966704,0.0273302794537,5,3
B4,persistent.drop.phone_acc,drop,phone_acc,15,fault,0.601193846779,0.718589415861,0.411177861454,0.044371926581,0.0297528312265,0.038532325685,5,3
B4,persistent.drop.phone_acc,drop,phone_acc,15,post,0.607809938314,0.728014116701,0.389816802158,0.0515631503302,0.025184602924,0.0287061777734,5,3
B4,persistent.drop.phone_acc,drop,phone_acc,15,pre,0.598298622178,0.725402193369,0.393134481846,0.0427863616578,0.0316263130727,0.0381959642376,5,3
B4,persistent.drop.phone_acc,drop,phone_acc,30,fault,0.583441798217,0.730864880831,0.397021700531,0.0441514622166,0.031869274794,0.0448803119189,5,3
B4,persistent.drop.phone_acc,drop,phone_acc,30,post,0.609874471618,0.74341852749,0.376973083177,0.0456609418616,0.0348069566464,0.0447359386201,5,3
B4,persistent.drop.phone_acc,drop,phone_acc,30,pre,0.599804223899,0.739007206159,0.37705001413,0.0560238604181,0.0337853243725,0.0398409255663,5,3
B4,persistent.drop.phone_gyro,drop,phone_gyro,5,fault,0.590746667869,0.7090633026,0.420901415605,0.0366712949632,0.0289270574644,0.0256525263608,5,3
B4,persistent.drop.phone_gyro,drop,phone_gyro,5,post,0.601188529274,0.710050282676,0.417778801474,0.0335906151192,0.0280042694024,0.0314860460429,5,3
B4,persistent.drop.phone_gyro,drop,phone_gyro,5,pre,0.601991860099,0.712139101685,0.414438956246,0.0385161681784,0.0254004966704,0.0273302794537,5,3
B4,persistent.drop.phone_gyro,drop,phone_gyro,15,fault,0.602577303294,0.728005194205,0.394582552342,0.0367784435007,0.0275754084298,0.030489004936,5,3
B4,persistent.drop.phone_gyro,drop,phone_gyro,15,post,0.607809938314,0.728014116701,0.389816802158,0.0515631503302,0.025184602924,0.0287061777734,5,3
B4,persistent.drop.phone_gyro,drop,phone_gyro,15,pre,0.598298622178,0.725402193369,0.393134481846,0.0427863616578,0.0316263130727,0.0381959642376,5,3
B4,persistent.drop.phone_gyro,drop,phone_gyro,30,fault,0.587894592249,0.740230903923,0.379157732245,0.0467082282814,0.0272226754192,0.035061200095,5,3
B4,persistent.drop.phone_gyro,drop,phone_gyro,30,post,0.609874471618,0.74341852749,0.376973083177,0.0456609418616,0.0348069566464,0.0447359386201,5,3
B4,persistent.drop.phone_gyro,drop,phone_gyro,30,pre,0.599804223899,0.739007206159,0.37705001413,0.0560238604181,0.0337853243725,0.0398409255663,5,3
B4,persistent.drop.phone_state,drop,phone_state,5,fault,0.564769736446,0.671264415464,0.463241623231,0.0349146819842,0.0241361945134,0.0377647735993,5,3
B4,persistent.drop.phone_state,drop,phone_state,5,post,0.601188529274,0.710050282676,0.417778801474,0.0335906151192,0.0280042694024,0.0314860460429,5,3
B4,persistent.drop.phone_state,drop,phone_state,5,pre,0.601991860099,0.712139101685,0.414438956246,0.0385161681784,0.0254004966704,0.0273302794537,5,3
B4,persistent.drop.phone_state,drop,phone_state,15,fault,0.577750631446,0.689486500255,0.436963692819,0.0453815648584,0.0231008004264,0.0504246086154,5,3
B4,persistent.drop.phone_state,drop,phone_state,15,post,0.607809938314,0.728014116701,0.389816802158,0.0515631503302,0.025184602924,0.0287061777734,5,3
B4,persistent.drop.phone_state,drop,phone_state,15,pre,0.598298622178,0.725402193369,0.393134481846,0.0427863616578,0.0316263130727,0.0381959642376,5,3
B4,persistent.drop.phone_state,drop,phone_state,30,fault,0.561995635967,0.699781542681,0.420418482702,0.0569337341324,0.0275422040696,0.0562261079732,5,3
B4,persistent.drop.phone_state,drop,phone_state,30,post,0.609874471618,0.74341852749,0.376973083177,0.0456609418616,0.0348069566464,0.0447359386201,5,3
B4,persistent.drop.phone_state,drop,phone_state,30,pre,0.599804223899,0.739007206159,0.37705001413,0.0560238604181,0.0337853243725,0.0398409255663,5,3
B4,persistent.drop.watch_acc,drop,watch_acc,5,fault,0.566064060272,0.69273059216,0.448167914634,0.028215342425,0.0347690369471,0.0334434912818,5,3
B4,persistent.drop.watch_acc,drop,watch_acc,5,post,0.601188529274,0.710050282676,0.417778801474,0.0335906151192,0.0280042694024,0.0314860460429,5,3
B4,persistent.drop.watch_acc,drop,watch_acc,5,pre,0.601991860099,0.712139101685,0.414438956246,0.0385161681784,0.0254004966704,0.0273302794537,5,3
B4,persistent.drop.watch_acc,drop,watch_acc,15,fault,0.582301410396,0.712823380954,0.423574482253,0.0189292970741,0.0347491135148,0.0398428451853,5,3
B4,persistent.drop.watch_acc,drop,watch_acc,15,post,0.607809938314,0.728014116701,0.389816802158,0.0515631503302,0.025184602924,0.0287061777734,5,3
B4,persistent.drop.watch_acc,drop,watch_acc,15,pre,0.598298622178,0.725402193369,0.393134481846,0.0427863616578,0.0316263130727,0.0381959642376,5,3
B4,persistent.drop.watch_acc,drop,watch_acc,30,fault,0.566170477563,0.724901111313,0.405988512072,0.0214934712204,0.0352936381899,0.047461073623,5,3
B4,persistent.drop.watch_acc,drop,watch_acc,30,post,0.609874471618,0.74341852749,0.376973083177,0.0456609418616,0.0348069566464,0.0447359386201,5,3
B4,persistent.drop.watch_acc,drop,watch_acc,30,pre,0.599804223899,0.739007206159,0.37705001413,0.0560238604181,0.0337853243725,0.0398409255663,5,3
B4,persistent.gaussian_sigma_2.audio,gaussian_sigma_2,audio,5,fault,0.566426249481,0.673919761174,0.459930213164,0.0402631425775,0.0256817355036,0.0320875889179,5,3
B4,persistent.gaussian_sigma_2.audio,gaussian_sigma_2,audio,5,post,0.601188529274,0.710050282676,0.417778801474,0.0335906151192,0.0280042694024,0.0314860460429,5,3
B4,persistent.gaussian_sigma_2.audio,gaussian_sigma_2,audio,5,pre,0.601991860099,0.712139101685,0.414438956246,0.0385161681784,0.0254004966704,0.0273302794537,5,3
B4,persistent.gaussian_sigma_2.audio,gaussian_sigma_2,audio,15,fault,0.578341832399,0.69046030639,0.434285258441,0.0402959146328,0.0222204225176,0.0334342768941,5,3
B4,persistent.gaussian_sigma_2.audio,gaussian_sigma_2,audio,15,post,0.607809938314,0.728014116701,0.389816802158,0.0515631503302,0.025184602924,0.0287061777734,5,3
B4,persistent.gaussian_sigma_2.audio,gaussian_sigma_2,audio,15,pre,0.598298622178,0.725402193369,0.393134481846,0.0427863616578,0.0316263130727,0.0381959642376,5,3
B4,persistent.gaussian_sigma_2.audio,gaussian_sigma_2,audio,30,fault,0.562141301218,0.704505008607,0.419298450964,0.046355338257,0.0268797928363,0.0384872654982,5,3
B4,persistent.gaussian_sigma_2.audio,gaussian_sigma_2,audio,30,post,0.609874471618,0.74341852749,0.376973083177,0.0456609418616,0.0348069566464,0.0447359386201,5,3
B4,persistent.gaussian_sigma_2.audio,gaussian_sigma_2,audio,30,pre,0.599804223899,0.739007206159,0.37705001413,0.0560238604181,0.0337853243725,0.0398409255663,5,3
B4,persistent.gaussian_sigma_2.location,gaussian_sigma_2,location,5,fault,0.579693863447,0.688995396517,0.453539092279,0.0367972091757,0.0303097981724,0.0203378632525,5,3
B4,persistent.gaussian_sigma_2.location,gaussian_sigma_2,location,5,post,0.601188529274,0.710050282676,0.417778801474,0.0335906151192,0.0280042694024,0.0314860460429,5,3
B4,persistent.gaussian_sigma_2.location,gaussian_sigma_2,location,5,pre,0.601991860099,0.712139101685,0.414438956246,0.0385161681784,0.0254004966704,0.0273302794537,5,3
B4,persistent.gaussian_sigma_2.location,gaussian_sigma_2,location,15,fault,0.588160795322,0.706826699832,0.429191509054,0.0369579510125,0.0280103338206,0.0227607945138,5,3
B4,persistent.gaussian_sigma_2.location,gaussian_sigma_2,location,15,post,0.607809938314,0.728014116701,0.389816802158,0.0515631503302,0.025184602924,0.0287061777734,5,3
B4,persistent.gaussian_sigma_2.location,gaussian_sigma_2,location,15,pre,0.598298622178,0.725402193369,0.393134481846,0.0427863616578,0.0316263130727,0.0381959642376,5,3
B4,persistent.gaussian_sigma_2.location,gaussian_sigma_2,location,30,fault,0.571989810107,0.720189824609,0.413726594209,0.0398261749011,0.025721127925,0.0265058999405,5,3
B4,persistent.gaussian_sigma_2.location,gaussian_sigma_2,location,30,post,0.609874471618,0.74341852749,0.376973083177,0.0456609418616,0.0348069566464,0.0447359386201,5,3
B4,persistent.gaussian_sigma_2.location,gaussian_sigma_2,location,30,pre,0.599804223899,0.739007206159,0.37705001413,0.0560238604181,0.0337853243725,0.0398409255663,5,3
B4,persistent.gaussian_sigma_2.phone_acc,gaussian_sigma_2,phone_acc,5,fault,0.595108605473,0.703360800481,0.420974709645,0.0365488273733,0.0272249063646,0.0308898026319,5,3
B4,persistent.gaussian_sigma_2.phone_acc,gaussian_sigma_2,phone_acc,5,post,0.601188529274,0.710050282676,0.417778801474,0.0335906151192,0.0280042694024,0.0314860460429,5,3
B4,persistent.gaussian_sigma_2.phone_acc,gaussian_sigma_2,phone_acc,5,pre,0.601991860099,0.712139101685,0.414438956246,0.0385161681784,0.0254004966704,0.0273302794537,5,3
B4,persistent.gaussian_sigma_2.phone_acc,gaussian_sigma_2,phone_acc,15,fault,0.604574471239,0.720749262003,0.397801334121,0.0393440235774,0.0259329833066,0.0315024095509,5,3
B4,persistent.gaussian_sigma_2.phone_acc,gaussian_sigma_2,phone_acc,15,post,0.607809938314,0.728014116701,0.389816802158,0.0515631503302,0.025184602924,0.0287061777734,5,3
B4,persistent.gaussian_sigma_2.phone_acc,gaussian_sigma_2,phone_acc,15,pre,0.598298622178,0.725402193369,0.393134481846,0.0427863616578,0.0316263130727,0.0381959642376,5,3
B4,persistent.gaussian_sigma_2.phone_acc,gaussian_sigma_2,phone_acc,30,fault,0.589900760552,0.734684359408,0.382917948472,0.0429316706171,0.028242025307,0.0371609411722,5,3
B4,persistent.gaussian_sigma_2.phone_acc,gaussian_sigma_2,phone_acc,30,post,0.609874471618,0.74341852749,0.376973083177,0.0456609418616,0.0348069566464,0.0447359386201,5,3
B4,persistent.gaussian_sigma_2.phone_acc,gaussian_sigma_2,phone_acc,30,pre,0.599804223899,0.739007206159,0.37705001413,0.0560238604181,0.0337853243725,0.0398409255663,5,3
B4,persistent.gaussian_sigma_2.phone_gyro,gaussian_sigma_2,phone_gyro,5,fault,0.599404853313,0.707039036727,0.419826495109,0.0357307384025,0.0275214678177,0.0280319342928,5,3
B4,persistent.gaussian_sigma_2.phone_gyro,gaussian_sigma_2,phone_gyro,5,post,0.601188529274,0.710050282676,0.417778801474,0.0335906151192,0.0280042694024,0.0314860460429,5,3
B4,persistent.gaussian_sigma_2.phone_gyro,gaussian_sigma_2,phone_gyro,5,pre,0.601991860099,0.712139101685,0.414438956246,0.0385161681784,0.0254004966704,0.0273302794537,5,3
B4,persistent.gaussian_sigma_2.phone_gyro,gaussian_sigma_2,phone_gyro,15,fault,0.610078734282,0.725981198855,0.392067658995,0.0354618087241,0.0271773591704,0.0314719210109,5,3
B4,persistent.gaussian_sigma_2.phone_gyro,gaussian_sigma_2,phone_gyro,15,post,0.607809938314,0.728014116701,0.389816802158,0.0515631503302,0.025184602924,0.0287061777734,5,3
B4,persistent.gaussian_sigma_2.phone_gyro,gaussian_sigma_2,phone_gyro,15,pre,0.598298622178,0.725402193369,0.393134481846,0.0427863616578,0.0316263130727,0.0381959642376,5,3
B4,persistent.gaussian_sigma_2.phone_gyro,gaussian_sigma_2,phone_gyro,30,fault,0.593368931337,0.7397145729,0.375001798477,0.0432633220251,0.0278391384849,0.0373381093791,5,3
B4,persistent.gaussian_sigma_2.phone_gyro,gaussian_sigma_2,phone_gyro,30,post,0.609874471618,0.74341852749,0.376973083177,0.0456609418616,0.0348069566464,0.0447359386201,5,3
B4,persistent.gaussian_sigma_2.phone_gyro,gaussian_sigma_2,phone_gyro,30,pre,0.599804223899,0.739007206159,0.37705001413,0.0560238604181,0.0337853243725,0.0398409255663,5,3
B4,persistent.gaussian_sigma_2.phone_state,gaussian_sigma_2,phone_state,5,fault,0.538559903,0.649887801604,0.466553613946,0.038790423837,0.0236630805316,0.0264594832806,5,3
B4,persistent.gaussian_sigma_2.phone_state,gaussian_sigma_2,phone_state,5,post,0.601188529274,0.710050282676,0.417778801474,0.0335906151192,0.0280042694024,0.0314860460429,5,3
B4,persistent.gaussian_sigma_2.phone_state,gaussian_sigma_2,phone_state,5,pre,0.601991860099,0.712139101685,0.414438956246,0.0385161681784,0.0254004966704,0.0273302794537,5,3
B4,persistent.gaussian_sigma_2.phone_state,gaussian_sigma_2,phone_state,15,fault,0.552132895777,0.667195871649,0.443708131922,0.0425735016259,0.0164720891056,0.0331954161551,5,3
B4,persistent.gaussian_sigma_2.phone_state,gaussian_sigma_2,phone_state,15,post,0.607809938314,0.728014116701,0.389816802158,0.0515631503302,0.025184602924,0.0287061777734,5,3
B4,persistent.gaussian_sigma_2.phone_state,gaussian_sigma_2,phone_state,15,pre,0.598298622178,0.725402193369,0.393134481846,0.0427863616578,0.0316263130727,0.0381959642376,5,3
B4,persistent.gaussian_sigma_2.phone_state,gaussian_sigma_2,phone_state,30,fault,0.540657751592,0.679018622926,0.430049594725,0.0589268242581,0.0209158391811,0.0429115044179,5,3
B4,persistent.gaussian_sigma_2.phone_state,gaussian_sigma_2,phone_state,30,post,0.609874471618,0.74341852749,0.376973083177,0.0456609418616,0.0348069566464,0.0447359386201,5,3
B4,persistent.gaussian_sigma_2.phone_state,gaussian_sigma_2,phone_state,30,pre,0.599804223899,0.739007206159,0.37705001413,0.0560238604181,0.0337853243725,0.0398409255663,5,3
B4,persistent.gaussian_sigma_2.watch_acc,gaussian_sigma_2,watch_acc,5,fault,0.573998495889,0.687482966188,0.437220626398,0.0359037502719,0.0258352891695,0.0240824216692,5,3
B4,persistent.gaussian_sigma_2.watch_acc,gaussian_sigma_2,watch_acc,5,post,0.601188529274,0.710050282676,0.417778801474,0.0335906151192,0.0280042694024,0.0314860460429,5,3
B4,persistent.gaussian_sigma_2.watch_acc,gaussian_sigma_2,watch_acc,5,pre,0.601991860099,0.712139101685,0.414438956246,0.0385161681784,0.0254004966704,0.0273302794537,5,3
B4,persistent.gaussian_sigma_2.watch_acc,gaussian_sigma_2,watch_acc,15,fault,0.584923920684,0.705687227543,0.413905261725,0.0346852799355,0.0228829793513,0.0279893674649,5,3
B4,persistent.gaussian_sigma_2.watch_acc,gaussian_sigma_2,watch_acc,15,post,0.607809938314,0.728014116701,0.389816802158,0.0515631503302,0.025184602924,0.0287061777734,5,3
B4,persistent.gaussian_sigma_2.watch_acc,gaussian_sigma_2,watch_acc,15,pre,0.598298622178,0.725402193369,0.393134481846,0.0427863616578,0.0316263130727,0.0381959642376,5,3
B4,persistent.gaussian_sigma_2.watch_acc,gaussian_sigma_2,watch_acc,30,fault,0.567319849855,0.717353329487,0.40060823219,0.0319568864955,0.024554625812,0.0347320263802,5,3
B4,persistent.gaussian_sigma_2.watch_acc,gaussian_sigma_2,watch_acc,30,post,0.609874471618,0.74341852749,0.376973083177,0.0456609418616,0.0348069566464,0.0447359386201,5,3
B4,persistent.gaussian_sigma_2.watch_acc,gaussian_sigma_2,watch_acc,30,pre,0.599804223899,0.739007206159,0.37705001413,0.0560238604181,0.0337853243725,0.0398409255663,5,3
B5,persistent.drop.audio,drop,audio,5,fault,0.589560986102,0.688767557127,0.450790144729,0.0350115046244,0.0336963857496,0.0432298502186,5,3
B5,persistent.drop.audio,drop,audio,5,post,0.609633868234,0.714235591209,0.408229581824,0.0287469879351,0.032879051538,0.0340283362192,5,3
B5,persistent.drop.audio,drop,audio,5,pre,0.610742562492,0.715858786293,0.403985129014,0.032372668872,0.0310255664885,0.0295303408948,5,3
B5,persistent.drop.audio,drop,audio,15,fault,0.602669384571,0.706420887775,0.426224845712,0.0380403943954,0.0328964101903,0.0469101134447,5,3
B5,persistent.drop.audio,drop,audio,15,post,0.619910817274,0.733086850253,0.381035178399,0.0436681983335,0.0293040088037,0.0283394122733,5,3
B5,persistent.drop.audio,drop,audio,15,pre,0.607939400158,0.729687723789,0.383252795272,0.0398605597767,0.0350395622733,0.0392529771147,5,3
B5,persistent.drop.audio,drop,audio,30,fault,0.587358383301,0.719835597447,0.413135737426,0.0412438118854,0.0421518871252,0.0581110251763,5,3
B5,persistent.drop.audio,drop,audio,30,post,0.623311958506,0.747988393757,0.368156898639,0.0371266262418,0.0362122409538,0.0430047872367,5,3
B5,persistent.drop.audio,drop,audio,30,pre,0.611009263679,0.744022589946,0.367013674881,0.0515236655943,0.0347706093912,0.0362237239316,5,3
B5,persistent.drop.location,drop,location,5,fault,0.591473928561,0.701978068388,0.426616785177,0.0223318827908,0.0296474317632,0.0157623229175,5,3
B5,persistent.drop.location,drop,location,5,post,0.609633868234,0.714235591209,0.408229581824,0.0287469879351,0.032879051538,0.0340283362192,5,3
B5,persistent.drop.location,drop,location,5,pre,0.610742562492,0.715858786293,0.403985129014,0.032372668872,0.0310255664885,0.0295303408948,5,3
B5,persistent.drop.location,drop,location,15,fault,0.599061968172,0.720380460028,0.394518157908,0.0192088528582,0.0288101085508,0.0235143980679,5,3
B5,persistent.drop.location,drop,location,15,post,0.619910817274,0.733086850253,0.381035178399,0.0436681983335,0.0293040088037,0.0283394122733,5,3
B5,persistent.drop.location,drop,location,15,pre,0.607939400158,0.729687723789,0.383252795272,0.0398605597767,0.0350395622733,0.0392529771147,5,3
B5,persistent.drop.location,drop,location,30,fault,0.589923602533,0.737126099514,0.375691128438,0.0242445074641,0.0218155218725,0.0303150992315,5,3
B5,persistent.drop.location,drop,location,30,post,0.623311958506,0.747988393757,0.368156898639,0.0371266262418,0.0362122409538,0.0430047872367,5,3
B5,persistent.drop.location,drop,location,30,pre,0.611009263679,0.744022589946,0.367013674881,0.0515236655943,0.0347706093912,0.0362237239316,5,3
B5,persistent.drop.phone_acc,drop,phone_acc,5,fault,0.604961435429,0.712746542928,0.414946835298,0.0306176136974,0.0337426488182,0.0404829995442,5,3
B5,persistent.drop.phone_acc,drop,phone_acc,5,post,0.609633868234,0.714235591209,0.408229581824,0.0287469879351,0.032879051538,0.0340283362192,5,3
B5,persistent.drop.phone_acc,drop,phone_acc,5,pre,0.610742562492,0.715858786293,0.403985129014,0.032372668872,0.0310255664885,0.0295303408948,5,3
B5,persistent.drop.phone_acc,drop,phone_acc,15,fault,0.615509193013,0.730490894704,0.393801799513,0.0378381304556,0.0309490678268,0.0409439839487,5,3
B5,persistent.drop.phone_acc,drop,phone_acc,15,post,0.619910817274,0.733086850253,0.381035178399,0.0436681983335,0.0293040088037,0.0283394122733,5,3
B5,persistent.drop.phone_acc,drop,phone_acc,15,pre,0.607939400158,0.729687723789,0.383252795272,0.0398605597767,0.0350395622733,0.0392529771147,5,3
B5,persistent.drop.phone_acc,drop,phone_acc,30,fault,0.600803310221,0.74408218334,0.379611964213,0.0346300084853,0.0330468677348,0.0498918103854,5,3
B5,persistent.drop.phone_acc,drop,phone_acc,30,post,0.623311958506,0.747988393757,0.368156898639,0.0371266262418,0.0362122409538,0.0430047872367,5,3
B5,persistent.drop.phone_acc,drop,phone_acc,30,pre,0.611009263679,0.744022589946,0.367013674881,0.0515236655943,0.0347706093912,0.0362237239316,5,3
B5,persistent.drop.phone_gyro,drop,phone_gyro,5,fault,0.604357796622,0.711975862405,0.415331155888,0.0307933867194,0.0347928839975,0.0330252423952,5,3
B5,persistent.drop.phone_gyro,drop,phone_gyro,5,post,0.609633868234,0.714235591209,0.408229581824,0.0287469879351,0.032879051538,0.0340283362192,5,3
B5,persistent.drop.phone_gyro,drop,phone_gyro,5,pre,0.610742562492,0.715858786293,0.403985129014,0.032372668872,0.0310255664885,0.0295303408948,5,3
B5,persistent.drop.phone_gyro,drop,phone_gyro,15,fault,0.614943105485,0.730428171561,0.389666719082,0.0354923421373,0.031765198111,0.0351676145674,5,3
B5,persistent.drop.phone_gyro,drop,phone_gyro,15,post,0.619910817274,0.733086850253,0.381035178399,0.0436681983335,0.0293040088037,0.0283394122733,5,3
B5,persistent.drop.phone_gyro,drop,phone_gyro,15,pre,0.607939400158,0.729687723789,0.383252795272,0.0398605597767,0.0350395622733,0.0392529771147,5,3
B5,persistent.drop.phone_gyro,drop,phone_gyro,30,fault,0.603262510222,0.74521251405,0.373347819856,0.0367364622381,0.033968886605,0.0428185359885,5,3
B5,persistent.drop.phone_gyro,drop,phone_gyro,30,post,0.623311958506,0.747988393757,0.368156898639,0.0371266262418,0.0362122409538,0.0430047872367,5,3
B5,persistent.drop.phone_gyro,drop,phone_gyro,30,pre,0.611009263679,0.744022589946,0.367013674881,0.0515236655943,0.0347706093912,0.0362237239316,5,3
B5,persistent.drop.phone_state,drop,phone_state,5,fault,0.585841201541,0.682919014912,0.443639129065,0.0383370694421,0.031559856431,0.038975782432,5,3
B5,persistent.drop.phone_state,drop,phone_state,5,post,0.609633868234,0.714235591209,0.408229581824,0.0287469879351,0.032879051538,0.0340283362192,5,3
B5,persistent.drop.phone_state,drop,phone_state,5,pre,0.610742562492,0.715858786293,0.403985129014,0.032372668872,0.0310255664885,0.0295303408948,5,3
B5,persistent.drop.phone_state,drop,phone_state,15,fault,0.596245943673,0.70165769823,0.420408306692,0.0432309484422,0.0338854039438,0.0555338726856,5,3
B5,persistent.drop.phone_state,drop,phone_state,15,post,0.619910817274,0.733086850253,0.381035178399,0.0436681983335,0.0293040088037,0.0283394122733,5,3
B5,persistent.drop.phone_state,drop,phone_state,15,pre,0.607939400158,0.729687723789,0.383252795272,0.0398605597767,0.0350395622733,0.0392529771147,5,3
B5,persistent.drop.phone_state,drop,phone_state,30,fault,0.58713475624,0.713483518717,0.410470400885,0.0493738863335,0.0370751969253,0.0654586857319,5,3
B5,persistent.drop.phone_state,drop,phone_state,30,post,0.623311958506,0.747988393757,0.368156898639,0.0371266262418,0.0362122409538,0.0430047872367,5,3
B5,persistent.drop.phone_state,drop,phone_state,30,pre,0.611009263679,0.744022589946,0.367013674881,0.0515236655943,0.0347706093912,0.0362237239316,5,3
B5,persistent.drop.watch_acc,drop,watch_acc,5,fault,0.580278546115,0.698019022394,0.42912538024,0.0196477662793,0.0377981469437,0.0380181710006,5,3
B5,persistent.drop.watch_acc,drop,watch_acc,5,post,0.609633868234,0.714235591209,0.408229581824,0.0287469879351,0.032879051538,0.0340283362192,5,3
B5,persistent.drop.watch_acc,drop,watch_acc,5,pre,0.610742562492,0.715858786293,0.403985129014,0.032372668872,0.0310255664885,0.0295303408948,5,3
B5,persistent.drop.watch_acc,drop,watch_acc,15,fault,0.595144930639,0.718296117052,0.405779496398,0.0140908851728,0.0358867772315,0.0384122215196,5,3
B5,persistent.drop.watch_acc,drop,watch_acc,15,post,0.619910817274,0.733086850253,0.381035178399,0.0436681983335,0.0293040088037,0.0283394122733,5,3
B5,persistent.drop.watch_acc,drop,watch_acc,15,pre,0.607939400158,0.729687723789,0.383252795272,0.0398605597767,0.0350395622733,0.0392529771147,5,3
B5,persistent.drop.watch_acc,drop,watch_acc,30,fault,0.582728872533,0.730747025884,0.390491705791,0.014892055854,0.0373092897738,0.0460394907035,5,3
B5,persistent.drop.watch_acc,drop,watch_acc,30,post,0.623311958506,0.747988393757,0.368156898639,0.0371266262418,0.0362122409538,0.0430047872367,5,3
B5,persistent.drop.watch_acc,drop,watch_acc,30,pre,0.611009263679,0.744022589946,0.367013674881,0.0515236655943,0.0347706093912,0.0362237239316,5,3
B5,persistent.gaussian_sigma_2.audio,gaussian_sigma_2,audio,5,fault,0.579009357663,0.682133427594,0.442902545011,0.0358548429619,0.0327871012001,0.031212377793,5,3
B5,persistent.gaussian_sigma_2.audio,gaussian_sigma_2,audio,5,post,0.609633868234,0.714235591209,0.408229581824,0.0287469879351,0.032879051538,0.0340283362192,5,3
B5,persistent.gaussian_sigma_2.audio,gaussian_sigma_2,audio,5,pre,0.610742562492,0.715858786293,0.403985129014,0.032372668872,0.0310255664885,0.0295303408948,5,3
B5,persistent.gaussian_sigma_2.audio,gaussian_sigma_2,audio,15,fault,0.591616559059,0.699234263509,0.418333314412,0.0379487835573,0.0295463901998,0.0328214452791,5,3
B5,persistent.gaussian_sigma_2.audio,gaussian_sigma_2,audio,15,post,0.619910817274,0.733086850253,0.381035178399,0.0436681983335,0.0293040088037,0.0283394122733,5,3
B5,persistent.gaussian_sigma_2.audio,gaussian_sigma_2,audio,15,pre,0.607939400158,0.729687723789,0.383252795272,0.0398605597767,0.0350395622733,0.0392529771147,5,3
B5,persistent.gaussian_sigma_2.audio,gaussian_sigma_2,audio,30,fault,0.57801142534,0.714752300456,0.404512238732,0.0431173736663,0.0326379517985,0.039693581039,5,3
B5,persistent.gaussian_sigma_2.audio,gaussian_sigma_2,audio,30,post,0.623311958506,0.747988393757,0.368156898639,0.0371266262418,0.0362122409538,0.0430047872367,5,3
B5,persistent.gaussian_sigma_2.audio,gaussian_sigma_2,audio,30,pre,0.611009263679,0.744022589946,0.367013674881,0.0515236655943,0.0347706093912,0.0362237239316,5,3
B5,persistent.gaussian_sigma_2.location,gaussian_sigma_2,location,5,fault,0.592809507809,0.696627533769,0.432909730788,0.0292127620449,0.0329481000665,0.0200639080387,5,3
B5,persistent.gaussian_sigma_2.location,gaussian_sigma_2,location,5,post,0.609633868234,0.714235591209,0.408229581824,0.0287469879351,0.032879051538,0.0340283362192,5,3
B5,persistent.gaussian_sigma_2.location,gaussian_sigma_2,location,5,pre,0.610742562492,0.715858786293,0.403985129014,0.032372668872,0.0310255664885,0.0295303408948,5,3
B5,persistent.gaussian_sigma_2.location,gaussian_sigma_2,location,15,fault,0.601588968914,0.713838940118,0.406889347767,0.0317774942719,0.029659997768,0.0216041387125,5,3
B5,persistent.gaussian_sigma_2.location,gaussian_sigma_2,location,15,post,0.619910817274,0.733086850253,0.381035178399,0.0436681983335,0.0293040088037,0.0283394122733,5,3
B5,persistent.gaussian_sigma_2.location,gaussian_sigma_2,location,15,pre,0.607939400158,0.729687723789,0.383252795272,0.0398605597767,0.0350395622733,0.0392529771147,5,3
B5,persistent.gaussian_sigma_2.location,gaussian_sigma_2,location,30,fault,0.591031958414,0.729413699615,0.390072152088,0.034339743676,0.0264274076252,0.0250036501101,5,3
B5,persistent.gaussian_sigma_2.location,gaussian_sigma_2,location,30,post,0.623311958506,0.747988393757,0.368156898639,0.0371266262418,0.0362122409538,0.0430047872367,5,3
B5,persistent.gaussian_sigma_2.location,gaussian_sigma_2,location,30,pre,0.611009263679,0.744022589946,0.367013674881,0.0515236655943,0.0347706093912,0.0362237239316,5,3
B5,persistent.gaussian_sigma_2.phone_acc,gaussian_sigma_2,phone_acc,5,fault,0.606232524027,0.710424322361,0.410854133123,0.0300494310971,0.0323636915679,0.0327713261124,5,3
B5,persistent.gaussian_sigma_2.phone_acc,gaussian_sigma_2,phone_acc,5,post,0.609633868234,0.714235591209,0.408229581824,0.0287469879351,0.032879051538,0.0340283362192,5,3
B5,persistent.gaussian_sigma_2.phone_acc,gaussian_sigma_2,phone_acc,5,pre,0.610742562492,0.715858786293,0.403985129014,0.032372668872,0.0310255664885,0.0295303408948,5,3
B5,persistent.gaussian_sigma_2.phone_acc,gaussian_sigma_2,phone_acc,15,fault,0.614597856084,0.727852530662,0.388194400642,0.0350625343292,0.0289998857687,0.0319387578092,5,3
B5,persistent.gaussian_sigma_2.phone_acc,gaussian_sigma_2,phone_acc,15,post,0.619910817274,0.733086850253,0.381035178399,0.0436681983335,0.0293040088037,0.0283394122733,5,3
B5,persistent.gaussian_sigma_2.phone_acc,gaussian_sigma_2,phone_acc,15,pre,0.607939400158,0.729687723789,0.383252795272,0.0398605597767,0.0350395622733,0.0392529771147,5,3
B5,persistent.gaussian_sigma_2.phone_acc,gaussian_sigma_2,phone_acc,30,fault,0.602135601176,0.742686885385,0.373387185197,0.0324828293677,0.0303238187211,0.0398086776997,5,3
B5,persistent.gaussian_sigma_2.phone_acc,gaussian_sigma_2,phone_acc,30,post,0.623311958506,0.747988393757,0.368156898639,0.0371266262418,0.0362122409538,0.0430047872367,5,3
B5,persistent.gaussian_sigma_2.phone_acc,gaussian_sigma_2,phone_acc,30,pre,0.611009263679,0.744022589946,0.367013674881,0.0515236655943,0.0347706093912,0.0362237239316,5,3
B5,persistent.gaussian_sigma_2.phone_gyro,gaussian_sigma_2,phone_gyro,5,fault,0.607654140201,0.712176240182,0.411754737891,0.0305659695637,0.0344779175904,0.0310248196582,5,3
B5,persistent.gaussian_sigma_2.phone_gyro,gaussian_sigma_2,phone_gyro,5,post,0.609633868234,0.714235591209,0.408229581824,0.0287469879351,0.032879051538,0.0340283362192,5,3
B5,persistent.gaussian_sigma_2.phone_gyro,gaussian_sigma_2,phone_gyro,5,pre,0.610742562492,0.715858786293,0.403985129014,0.032372668872,0.0310255664885,0.0295303408948,5,3
B5,persistent.gaussian_sigma_2.phone_gyro,gaussian_sigma_2,phone_gyro,15,fault,0.617306890129,0.730690026127,0.384498028264,0.0321026994584,0.0312308733196,0.0314394765818,5,3
B5,persistent.gaussian_sigma_2.phone_gyro,gaussian_sigma_2,phone_gyro,15,post,0.619910817274,0.733086850253,0.381035178399,0.0436681983335,0.0293040088037,0.0283394122733,5,3
B5,persistent.gaussian_sigma_2.phone_gyro,gaussian_sigma_2,phone_gyro,15,pre,0.607939400158,0.729687723789,0.383252795272,0.0398605597767,0.0350395622733,0.0392529771147,5,3
B5,persistent.gaussian_sigma_2.phone_gyro,gaussian_sigma_2,phone_gyro,30,fault,0.606773288741,0.746623799044,0.367327603596,0.035577193783,0.0318875541441,0.0369487463576,5,3
B5,persistent.gaussian_sigma_2.phone_gyro,gaussian_sigma_2,phone_gyro,30,post,0.623311958506,0.747988393757,0.368156898639,0.0371266262418,0.0362122409538,0.0430047872367,5,3
B5,persistent.gaussian_sigma_2.phone_gyro,gaussian_sigma_2,phone_gyro,30,pre,0.611009263679,0.744022589946,0.367013674881,0.0515236655943,0.0347706093912,0.0362237239316,5,3
B5,persistent.gaussian_sigma_2.phone_state,gaussian_sigma_2,phone_state,5,fault,0.567786726028,0.667146433472,0.445878934009,0.0358602216557,0.0294054803508,0.0236532980804,5,3
B5,persistent.gaussian_sigma_2.phone_state,gaussian_sigma_2,phone_state,5,post,0.609633868234,0.714235591209,0.408229581824,0.0287469879351,0.032879051538,0.0340283362192,5,3
B5,persistent.gaussian_sigma_2.phone_state,gaussian_sigma_2,phone_state,5,pre,0.610742562492,0.715858786293,0.403985129014,0.032372668872,0.0310255664885,0.0295303408948,5,3
B5,persistent.gaussian_sigma_2.phone_state,gaussian_sigma_2,phone_state,15,fault,0.578574822291,0.684696959347,0.423075050103,0.04398953172,0.0282091231208,0.0336593675906,5,3
B5,persistent.gaussian_sigma_2.phone_state,gaussian_sigma_2,phone_state,15,post,0.619910817274,0.733086850253,0.381035178399,0.0436681983335,0.0293040088037,0.0283394122733,5,3
B5,persistent.gaussian_sigma_2.phone_state,gaussian_sigma_2,phone_state,15,pre,0.607939400158,0.729687723789,0.383252795272,0.0398605597767,0.0350395622733,0.0392529771147,5,3
B5,persistent.gaussian_sigma_2.phone_state,gaussian_sigma_2,phone_state,30,fault,0.569174113147,0.696556492949,0.412191607279,0.053844197102,0.02998517171,0.0422713280499,5,3
B5,persistent.gaussian_sigma_2.phone_state,gaussian_sigma_2,phone_state,30,post,0.623311958506,0.747988393757,0.368156898639,0.0371266262418,0.0362122409538,0.0430047872367,5,3
B5,persistent.gaussian_sigma_2.phone_state,gaussian_sigma_2,phone_state,30,pre,0.611009263679,0.744022589946,0.367013674881,0.0515236655943,0.0347706093912,0.0362237239316,5,3
B5,persistent.gaussian_sigma_2.watch_acc,gaussian_sigma_2,watch_acc,5,fault,0.585959465392,0.695559244592,0.422951209519,0.0280534274946,0.0309628752737,0.0286186303844,5,3
B5,persistent.gaussian_sigma_2.watch_acc,gaussian_sigma_2,watch_acc,5,post,0.609633868234,0.714235591209,0.408229581824,0.0287469879351,0.032879051538,0.0340283362192,5,3
B5,persistent.gaussian_sigma_2.watch_acc,gaussian_sigma_2,watch_acc,5,pre,0.610742562492,0.715858786293,0.403985129014,0.032372668872,0.0310255664885,0.0295303408948,5,3
B5,persistent.gaussian_sigma_2.watch_acc,gaussian_sigma_2,watch_acc,15,fault,0.599147361134,0.714614064773,0.399047104066,0.0303962435931,0.0258432218988,0.027339252015,5,3
B5,persistent.gaussian_sigma_2.watch_acc,gaussian_sigma_2,watch_acc,15,post,0.619910817274,0.733086850253,0.381035178399,0.0436681983335,0.0293040088037,0.0283394122733,5,3
B5,persistent.gaussian_sigma_2.watch_acc,gaussian_sigma_2,watch_acc,15,pre,0.607939400158,0.729687723789,0.383252795272,0.0398605597767,0.0350395622733,0.0392529771147,5,3
B5,persistent.gaussian_sigma_2.watch_acc,gaussian_sigma_2,watch_acc,30,fault,0.584037862576,0.726401514072,0.385131544862,0.0308370434942,0.0266277776009,0.0324683338024,5,3
B5,persistent.gaussian_sigma_2.watch_acc,gaussian_sigma_2,watch_acc,30,post,0.623311958506,0.747988393757,0.368156898639,0.0371266262418,0.0362122409538,0.0430047872367,5,3
B5,persistent.gaussian_sigma_2.watch_acc,gaussian_sigma_2,watch_acc,30,pre,0.611009263679,0.744022589946,0.367013674881,0.0515236655943,0.0347706093912,0.0362237239316,5,3
P,persistent.drop.audio,drop,audio,5,fault,0.587963820987,0.689385339445,0.447411733946,0.0353465172282,0.0338316792524,0.0429222160545,5,3
P,persistent.drop.audio,drop,audio,5,post,0.607506069621,0.714115959654,0.407176083148,0.0292302365765,0.0330437823343,0.0316629746853,5,3
P,persistent.drop.audio,drop,audio,5,pre,0.608746278434,0.71627853826,0.40339988052,0.0339921966351,0.0302458900505,0.0259264054403,5,3
P,persistent.drop.audio,drop,audio,15,fault,0.601260576601,0.708069526075,0.421545535856,0.0357137971991,0.029476767065,0.0379320904625,5,3
P,persistent.drop.audio,drop,audio,15,post,0.619074945375,0.731892885197,0.380095696617,0.0404289583616,0.0293667067836,0.0240124330461,5,3
P,persistent.drop.audio,drop,audio,15,pre,0.605447014571,0.729219054657,0.381361049674,0.0332180804907,0.0361834728635,0.0335679191316,5,3
P,persistent.drop.audio,drop,audio,30,fault,0.58682726174,0.72126059549,0.405053577897,0.0326089290871,0.0376959651385,0.0446438311825,5,3
P,persistent.drop.audio,drop,audio,30,post,0.618630718119,0.747709320732,0.367122597144,0.0290597215378,0.0366252988282,0.0359134792509,5,3
P,persistent.drop.audio,drop,audio,30,pre,0.607021823749,0.74268744955,0.364705937433,0.045657854882,0.0319261751104,0.0296773686627,5,3
P,persistent.drop.location,drop,location,5,fault,0.591564337029,0.701279796423,0.427775923997,0.02559235093,0.030912667372,0.0176649355537,5,3
P,persistent.drop.location,drop,location,5,post,0.607506069621,0.714115959654,0.407176083148,0.0292302365765,0.0330437823343,0.0316629746853,5,3
P,persistent.drop.location,drop,location,5,pre,0.608746278434,0.71627853826,0.40339988052,0.0339921966351,0.0302458900505,0.0259264054403,5,3
P,persistent.drop.location,drop,location,15,fault,0.597616560624,0.72060586192,0.395601568119,0.021581295014,0.0297838005946,0.0224270742589,5,3
P,persistent.drop.location,drop,location,15,post,0.619074945375,0.731892885197,0.380095696617,0.0404289583616,0.0293667067836,0.0240124330461,5,3
P,persistent.drop.location,drop,location,15,pre,0.605447014571,0.729219054657,0.381361049674,0.0332180804907,0.0361834728635,0.0335679191316,5,3
P,persistent.drop.location,drop,location,30,fault,0.591060762417,0.737623332987,0.375993957808,0.0150668818536,0.0280806109492,0.0294622465996,5,3
P,persistent.drop.location,drop,location,30,post,0.618630718119,0.747709320732,0.367122597144,0.0290597215378,0.0366252988282,0.0359134792509,5,3
P,persistent.drop.location,drop,location,30,pre,0.607021823749,0.74268744955,0.364705937433,0.045657854882,0.0319261751104,0.0296773686627,5,3
P,persistent.drop.phone_acc,drop,phone_acc,5,fault,0.601325382537,0.710829106802,0.414660390576,0.0286777130611,0.034715874979,0.0356558058812,5,3
P,persistent.drop.phone_acc,drop,phone_acc,5,post,0.607506069621,0.714115959654,0.407176083148,0.0292302365765,0.0330437823343,0.0316629746853,5,3
P,persistent.drop.phone_acc,drop,phone_acc,5,pre,0.608746278434,0.71627853826,0.40339988052,0.0339921966351,0.0302458900505,0.0259264054403,5,3
P,persistent.drop.phone_acc,drop,phone_acc,15,fault,0.612627792269,0.729151312988,0.392016228343,0.0333721680314,0.0307952936313,0.0336814852208,5,3
P,persistent.drop.phone_acc,drop,phone_acc,15,post,0.619074945375,0.731892885197,0.380095696617,0.0404289583616,0.0293667067836,0.0240124330461,5,3
P,persistent.drop.phone_acc,drop,phone_acc,15,pre,0.605447014571,0.729219054657,0.381361049674,0.0332180804907,0.0361834728635,0.0335679191316,5,3
P,persistent.drop.phone_acc,drop,phone_acc,30,fault,0.599587022391,0.741831786858,0.3769626169,0.0257139918728,0.0360454226545,0.0418037264019,5,3
P,persistent.drop.phone_acc,drop,phone_acc,30,post,0.618630718119,0.747709320732,0.367122597144,0.0290597215378,0.0366252988282,0.0359134792509,5,3
P,persistent.drop.phone_acc,drop,phone_acc,30,pre,0.607021823749,0.74268744955,0.364705937433,0.045657854882,0.0319261751104,0.0296773686627,5,3
P,persistent.drop.phone_gyro,drop,phone_gyro,5,fault,0.600839218498,0.711114597693,0.413820417196,0.02991121549,0.0335218614208,0.0300292833037,5,3
P,persistent.drop.phone_gyro,drop,phone_gyro,5,post,0.607506069621,0.714115959654,0.407176083148,0.0292302365765,0.0330437823343,0.0316629746853,5,3
P,persistent.drop.phone_gyro,drop,phone_gyro,5,pre,0.608746278434,0.71627853826,0.40339988052,0.0339921966351,0.0302458900505,0.0259264054403,5,3
P,persistent.drop.phone_gyro,drop,phone_gyro,15,fault,0.612600376036,0.730557030671,0.387355193811,0.0312428017074,0.029657582577,0.0297928653713,5,3
P,persistent.drop.phone_gyro,drop,phone_gyro,15,post,0.619074945375,0.731892885197,0.380095696617,0.0404289583616,0.0293667067836,0.0240124330461,5,3
P,persistent.drop.phone_gyro,drop,phone_gyro,15,pre,0.605447014571,0.729219054657,0.381361049674,0.0332180804907,0.0361834728635,0.0335679191316,5,3
P,persistent.drop.phone_gyro,drop,phone_gyro,30,fault,0.601224828996,0.743121813755,0.371224543545,0.0266325107837,0.0335568925393,0.0369672733483,5,3
P,persistent.drop.phone_gyro,drop,phone_gyro,30,post,0.618630718119,0.747709320732,0.367122597144,0.0290597215378,0.0366252988282,0.0359134792509,5,3
P,persistent.drop.phone_gyro,drop,phone_gyro,30,pre,0.607021823749,0.74268744955,0.364705937433,0.045657854882,0.0319261751104,0.0296773686627,5,3
P,persistent.drop.phone_state,drop,phone_state,5,fault,0.585674421164,0.685918054829,0.435568354857,0.0329359409518,0.0285791222092,0.027335519334,5,3
P,persistent.drop.phone_state,drop,phone_state,5,post,0.607506069621,0.714115959654,0.407176083148,0.0292302365765,0.0330437823343,0.0316629746853,5,3
P,persistent.drop.phone_state,drop,phone_state,5,pre,0.608746278434,0.71627853826,0.40339988052,0.0339921966351,0.0302458900505,0.0259264054403,5,3
P,persistent.drop.phone_state,drop,phone_state,15,fault,0.595982710214,0.704496603739,0.411478040893,0.0355163750658,0.027619525922,0.0392234085517,5,3
P,persistent.drop.phone_state,drop,phone_state,15,post,0.619074945375,0.731892885197,0.380095696617,0.0404289583616,0.0293667067836,0.0240124330461,5,3
P,persistent.drop.phone_state,drop,phone_state,15,pre,0.605447014571,0.729219054657,0.381361049674,0.0332180804907,0.0361834728635,0.0335679191316,5,3
P,persistent.drop.phone_state,drop,phone_state,30,fault,0.586389276552,0.714928741094,0.400946400379,0.0358730526153,0.0312804326551,0.0462013810284,5,3
P,persistent.drop.phone_state,drop,phone_state,30,post,0.618630718119,0.747709320732,0.367122597144,0.0290597215378,0.0366252988282,0.0359134792509,5,3
P,persistent.drop.phone_state,drop,phone_state,30,pre,0.607021823749,0.74268744955,0.364705937433,0.045657854882,0.0319261751104,0.0296773686627,5,3
P,persistent.drop.watch_acc,drop,watch_acc,5,fault,0.572993965456,0.696290406911,0.429607987503,0.018990675386,0.0383223577544,0.0341682624325,5,3
P,persistent.drop.watch_acc,drop,watch_acc,5,post,0.607506069621,0.714115959654,0.407176083148,0.0292302365765,0.0330437823343,0.0316629746853,5,3
P,persistent.drop.watch_acc,drop,watch_acc,5,pre,0.608746278434,0.71627853826,0.40339988052,0.0339921966351,0.0302458900505,0.0259264054403,5,3
P,persistent.drop.watch_acc,drop,watch_acc,15,fault,0.586074555351,0.715968694891,0.405635177462,0.0142234004016,0.03569236696,0.033246907758,5,3
P,persistent.drop.watch_acc,drop,watch_acc,15,post,0.619074945375,0.731892885197,0.380095696617,0.0404289583616,0.0293667067836,0.0240124330461,5,3
P,persistent.drop.watch_acc,drop,watch_acc,15,pre,0.605447014571,0.729219054657,0.381361049674,0.0332180804907,0.0361834728635,0.0335679191316,5,3
P,persistent.drop.watch_acc,drop,watch_acc,30,fault,0.574236852632,0.728292433146,0.392037208209,0.015163722855,0.0401768676013,0.0402444087008,5,3
P,persistent.drop.watch_acc,drop,watch_acc,30,post,0.618630718119,0.747709320732,0.367122597144,0.0290597215378,0.0366252988282,0.0359134792509,5,3
P,persistent.drop.watch_acc,drop,watch_acc,30,pre,0.607021823749,0.74268744955,0.364705937433,0.045657854882,0.0319261751104,0.0296773686627,5,3
P,persistent.gaussian_sigma_2.audio,gaussian_sigma_2,audio,5,fault,0.576621706809,0.681793734446,0.44271004664,0.0324240332813,0.0339049311028,0.0322254866451,5,3
P,persistent.gaussian_sigma_2.audio,gaussian_sigma_2,audio,5,post,0.607506069621,0.714115959654,0.407176083148,0.0292302365765,0.0330437823343,0.0316629746853,5,3
P,persistent.gaussian_sigma_2.audio,gaussian_sigma_2,audio,5,pre,0.608746278434,0.71627853826,0.40339988052,0.0339921966351,0.0302458900505,0.0259264054403,5,3
P,persistent.gaussian_sigma_2.audio,gaussian_sigma_2,audio,15,fault,0.589679952215,0.699748043338,0.417032895058,0.0330813399827,0.0276567070596,0.0279204385127,5,3
P,persistent.gaussian_sigma_2.audio,gaussian_sigma_2,audio,15,post,0.619074945375,0.731892885197,0.380095696617,0.0404289583616,0.0293667067836,0.0240124330461,5,3
P,persistent.gaussian_sigma_2.audio,gaussian_sigma_2,audio,15,pre,0.605447014571,0.729219054657,0.381361049674,0.0332180804907,0.0361834728635,0.0335679191316,5,3
P,persistent.gaussian_sigma_2.audio,gaussian_sigma_2,audio,30,fault,0.576257201124,0.714441236232,0.400732949188,0.0322112393218,0.0311571928553,0.0309037164611,5,3
P,persistent.gaussian_sigma_2.audio,gaussian_sigma_2,audio,30,post,0.618630718119,0.747709320732,0.367122597144,0.0290597215378,0.0366252988282,0.0359134792509,5,3
P,persistent.gaussian_sigma_2.audio,gaussian_sigma_2,audio,30,pre,0.607021823749,0.74268744955,0.364705937433,0.045657854882,0.0319261751104,0.0296773686627,5,3
P,persistent.gaussian_sigma_2.location,gaussian_sigma_2,location,5,fault,0.59013375205,0.695341371807,0.431295574399,0.0290749222608,0.0342253758108,0.0215686945825,5,3
P,persistent.gaussian_sigma_2.location,gaussian_sigma_2,location,5,post,0.607506069621,0.714115959654,0.407176083148,0.0292302365765,0.0330437823343,0.0316629746853,5,3
P,persistent.gaussian_sigma_2.location,gaussian_sigma_2,location,5,pre,0.608746278434,0.71627853826,0.40339988052,0.0339921966351,0.0302458900505,0.0259264054403,5,3
P,persistent.gaussian_sigma_2.location,gaussian_sigma_2,location,15,fault,0.598013885597,0.712827851866,0.404768212626,0.0281647054776,0.0303810811393,0.0204479974816,5,3
P,persistent.gaussian_sigma_2.location,gaussian_sigma_2,location,15,post,0.619074945375,0.731892885197,0.380095696617,0.0404289583616,0.0293667067836,0.0240124330461,5,3
P,persistent.gaussian_sigma_2.location,gaussian_sigma_2,location,15,pre,0.605447014571,0.729219054657,0.381361049674,0.0332180804907,0.0361834728635,0.0335679191316,5,3
P,persistent.gaussian_sigma_2.location,gaussian_sigma_2,location,30,fault,0.588358727809,0.727634355842,0.387986642717,0.0222501621154,0.0319308483394,0.022998511882,5,3
P,persistent.gaussian_sigma_2.location,gaussian_sigma_2,location,30,post,0.618630718119,0.747709320732,0.367122597144,0.0290597215378,0.0366252988282,0.0359134792509,5,3
P,persistent.gaussian_sigma_2.location,gaussian_sigma_2,location,30,pre,0.607021823749,0.74268744955,0.364705937433,0.045657854882,0.0319261751104,0.0296773686627,5,3
P,persistent.gaussian_sigma_2.phone_acc,gaussian_sigma_2,phone_acc,5,fault,0.603000401238,0.70871593821,0.410594800639,0.0289249274823,0.0346229525371,0.032403372886,5,3
P,persistent.gaussian_sigma_2.phone_acc,gaussian_sigma_2,phone_acc,5,post,0.607506069621,0.714115959654,0.407176083148,0.0292302365765,0.0330437823343,0.0316629746853,5,3
P,persistent.gaussian_sigma_2.phone_acc,gaussian_sigma_2,phone_acc,5,pre,0.608746278434,0.71627853826,0.40339988052,0.0339921966351,0.0302458900505,0.0259264054403,5,3
P,persistent.gaussian_sigma_2.phone_acc,gaussian_sigma_2,phone_acc,15,fault,0.611189169305,0.726235834604,0.386731733859,0.0298555620505,0.030292514159,0.0286000722473,5,3
P,persistent.gaussian_sigma_2.phone_acc,gaussian_sigma_2,phone_acc,15,post,0.619074945375,0.731892885197,0.380095696617,0.0404289583616,0.0293667067836,0.0240124330461,5,3
P,persistent.gaussian_sigma_2.phone_acc,gaussian_sigma_2,phone_acc,15,pre,0.605447014571,0.729219054657,0.381361049674,0.0332180804907,0.0361834728635,0.0335679191316,5,3
P,persistent.gaussian_sigma_2.phone_acc,gaussian_sigma_2,phone_acc,30,fault,0.600273385373,0.740072300413,0.372714369128,0.0225863211584,0.0338210670796,0.0344595845812,5,3
P,persistent.gaussian_sigma_2.phone_acc,gaussian_sigma_2,phone_acc,30,post,0.618630718119,0.747709320732,0.367122597144,0.0290597215378,0.0366252988282,0.0359134792509,5,3
P,persistent.gaussian_sigma_2.phone_acc,gaussian_sigma_2,phone_acc,30,pre,0.607021823749,0.74268744955,0.364705937433,0.045657854882,0.0319261751104,0.0296773686627,5,3
P,persistent.gaussian_sigma_2.phone_gyro,gaussian_sigma_2,phone_gyro,5,fault,0.605096437341,0.711033498472,0.410913017879,0.0271632252067,0.0341631865742,0.0292252449871,5,3
P,persistent.gaussian_sigma_2.phone_gyro,gaussian_sigma_2,phone_gyro,5,post,0.607506069621,0.714115959654,0.407176083148,0.0292302365765,0.0330437823343,0.0316629746853,5,3
P,persistent.gaussian_sigma_2.phone_gyro,gaussian_sigma_2,phone_gyro,5,pre,0.608746278434,0.71627853826,0.40339988052,0.0339921966351,0.0302458900505,0.0259264054403,5,3
P,persistent.gaussian_sigma_2.phone_gyro,gaussian_sigma_2,phone_gyro,15,fault,0.614587639926,0.729742552415,0.383097571963,0.0260960082986,0.0306735760539,0.0275664733363,5,3
P,persistent.gaussian_sigma_2.phone_gyro,gaussian_sigma_2,phone_gyro,15,post,0.619074945375,0.731892885197,0.380095696617,0.0404289583616,0.0293667067836,0.0240124330461,5,3
P,persistent.gaussian_sigma_2.phone_gyro,gaussian_sigma_2,phone_gyro,15,pre,0.605447014571,0.729219054657,0.381361049674,0.0332180804907,0.0361834728635,0.0335679191316,5,3
P,persistent.gaussian_sigma_2.phone_gyro,gaussian_sigma_2,phone_gyro,30,fault,0.604614435143,0.744146580739,0.366121124522,0.0221296250008,0.0334695827619,0.0325086021787,5,3
P,persistent.gaussian_sigma_2.phone_gyro,gaussian_sigma_2,phone_gyro,30,post,0.618630718119,0.747709320732,0.367122597144,0.0290597215378,0.0366252988282,0.0359134792509,5,3
P,persistent.gaussian_sigma_2.phone_gyro,gaussian_sigma_2,phone_gyro,30,pre,0.607021823749,0.74268744955,0.364705937433,0.045657854882,0.0319261751104,0.0296773686627,5,3
P,persistent.gaussian_sigma_2.phone_state,gaussian_sigma_2,phone_state,5,fault,0.573440119519,0.675965823678,0.435867871924,0.0304761267001,0.0305667941069,0.0199036621602,5,3
P,persistent.gaussian_sigma_2.phone_state,gaussian_sigma_2,phone_state,5,post,0.607506069621,0.714115959654,0.407176083148,0.0292302365765,0.0330437823343,0.0316629746853,5,3
P,persistent.gaussian_sigma_2.phone_state,gaussian_sigma_2,phone_state,5,pre,0.608746278434,0.71627853826,0.40339988052,0.0339921966351,0.0302458900505,0.0259264054403,5,3
P,persistent.gaussian_sigma_2.phone_state,gaussian_sigma_2,phone_state,15,fault,0.584529494768,0.693998815211,0.412167331955,0.0329136569362,0.0258966057627,0.0248773842394,5,3
P,persistent.gaussian_sigma_2.phone_state,gaussian_sigma_2,phone_state,15,post,0.619074945375,0.731892885197,0.380095696617,0.0404289583616,0.0293667067836,0.0240124330461,5,3
P,persistent.gaussian_sigma_2.phone_state,gaussian_sigma_2,phone_state,15,pre,0.605447014571,0.729219054657,0.381361049674,0.0332180804907,0.0361834728635,0.0335679191316,5,3
P,persistent.gaussian_sigma_2.phone_state,gaussian_sigma_2,phone_state,30,fault,0.578294490431,0.705568750365,0.400768383498,0.0385466827464,0.0250601481367,0.0303672403952,5,3
P,persistent.gaussian_sigma_2.phone_state,gaussian_sigma_2,phone_state,30,post,0.618630718119,0.747709320732,0.367122597144,0.0290597215378,0.0366252988282,0.0359134792509,5,3
P,persistent.gaussian_sigma_2.phone_state,gaussian_sigma_2,phone_state,30,pre,0.607021823749,0.74268744955,0.364705937433,0.045657854882,0.0319261751104,0.0296773686627,5,3
P,persistent.gaussian_sigma_2.watch_acc,gaussian_sigma_2,watch_acc,5,fault,0.582462081018,0.69351619755,0.423632041771,0.0307359839798,0.0304541941029,0.0256696022977,5,3
P,persistent.gaussian_sigma_2.watch_acc,gaussian_sigma_2,watch_acc,5,post,0.607506069621,0.714115959654,0.407176083148,0.0292302365765,0.0330437823343,0.0316629746853,5,3
P,persistent.gaussian_sigma_2.watch_acc,gaussian_sigma_2,watch_acc,5,pre,0.608746278434,0.71627853826,0.40339988052,0.0339921966351,0.0302458900505,0.0259264054403,5,3
P,persistent.gaussian_sigma_2.watch_acc,gaussian_sigma_2,watch_acc,15,fault,0.59349201912,0.71192635793,0.399998240223,0.027720777521,0.0259896820526,0.023326897104,5,3
P,persistent.gaussian_sigma_2.watch_acc,gaussian_sigma_2,watch_acc,15,post,0.619074945375,0.731892885197,0.380095696617,0.0404289583616,0.0293667067836,0.0240124330461,5,3
P,persistent.gaussian_sigma_2.watch_acc,gaussian_sigma_2,watch_acc,15,pre,0.605447014571,0.729219054657,0.381361049674,0.0332180804907,0.0361834728635,0.0335679191316,5,3
P,persistent.gaussian_sigma_2.watch_acc,gaussian_sigma_2,watch_acc,30,fault,0.579033377066,0.722584504167,0.387350026351,0.0230219624088,0.0273869181825,0.0276122136007,5,3
P,persistent.gaussian_sigma_2.watch_acc,gaussian_sigma_2,watch_acc,30,post,0.618630718119,0.747709320732,0.367122597144,0.0290597215378,0.0366252988282,0.0359134792509,5,3
P,persistent.gaussian_sigma_2.watch_acc,gaussian_sigma_2,watch_acc,30,pre,0.607021823749,0.74268744955,0.364705937433,0.045657854882,0.0319261751104,0.0296773686627,5,3
P2,persistent.drop.audio,drop,audio,5,fault,0.588083102418,0.690225908568,0.443437016078,0.033759479078,0.0267334895089,0.0344589117776,5,3
P2,persistent.drop.audio,drop,audio,5,post,0.606594166717,0.71514041785,0.405643022541,0.0276053138094,0.0283751969585,0.0299924940203,5,3
P2,persistent.drop.audio,drop,audio,5,pre,0.60979430112,0.717255482217,0.40154432338,0.0308658919258,0.0259760387619,0.0236411550224,5,3
P2,persistent.drop.audio,drop,audio,15,fault,0.59914136475,0.70742762829,0.416639526892,0.0377650578204,0.0266489710809,0.0306709647305,5,3
P2,persistent.drop.audio,drop,audio,15,post,0.615924327265,0.732143805026,0.378335862146,0.0388572427383,0.0262657885798,0.0214172361421,5,3
P2,persistent.drop.audio,drop,audio,15,pre,0.604495098568,0.730853365406,0.379993455357,0.0351220214624,0.0331849250816,0.0340123524983,5,3
P2,persistent.drop.audio,drop,audio,30,fault,0.579277951527,0.720138132463,0.402491796941,0.0308541773438,0.0362743092316,0.0376187261162,5,3
P2,persistent.drop.audio,drop,audio,30,post,0.618646194523,0.748739535951,0.364107133155,0.0420314989626,0.036257424618,0.0352967966155,5,3
P2,persistent.drop.audio,drop,audio,30,pre,0.603484290251,0.74364176348,0.362523936976,0.0472062230808,0.0329552872013,0.0288976686385,5,3
P2,persistent.drop.location,drop,location,5,fault,0.590572493234,0.702425859798,0.426142845181,0.0192250979778,0.0272281469862,0.017716904665,5,3
P2,persistent.drop.location,drop,location,5,post,0.606594166717,0.71514041785,0.405643022541,0.0276053138094,0.0283751969585,0.0299924940203,5,3
P2,persistent.drop.location,drop,location,5,pre,0.60979430112,0.717255482217,0.40154432338,0.0308658919258,0.0259760387619,0.0236411550224,5,3
P2,persistent.drop.location,drop,location,15,fault,0.595222356911,0.720058910969,0.394107245555,0.0167047443415,0.0290147909159,0.0240684850297,5,3
P2,persistent.drop.location,drop,location,15,post,0.615924327265,0.732143805026,0.378335862146,0.0388572427383,0.0262657885798,0.0214172361421,5,3
P2,persistent.drop.location,drop,location,15,pre,0.604495098568,0.730853365406,0.379993455357,0.0351220214624,0.0331849250816,0.0340123524983,5,3
P2,persistent.drop.location,drop,location,30,fault,0.589723118001,0.735876768169,0.376583251391,0.0182671517334,0.0273876592846,0.0307853223919,5,3
P2,persistent.drop.location,drop,location,30,post,0.618646194523,0.748739535951,0.364107133155,0.0420314989626,0.036257424618,0.0352967966155,5,3
P2,persistent.drop.location,drop,location,30,pre,0.603484290251,0.74364176348,0.362523936976,0.0472062230808,0.0329552872013,0.0288976686385,5,3
P2,persistent.drop.phone_acc,drop,phone_acc,5,fault,0.600925092606,0.711787059822,0.412692675107,0.026686665322,0.0298405438456,0.033039741793,5,3
P2,persistent.drop.phone_acc,drop,phone_acc,5,post,0.606594166717,0.71514041785,0.405643022541,0.0276053138094,0.0283751969585,0.0299924940203,5,3
P2,persistent.drop.phone_acc,drop,phone_acc,5,pre,0.60979430112,0.717255482217,0.40154432338,0.0308658919258,0.0259760387619,0.0236411550224,5,3
P2,persistent.drop.phone_acc,drop,phone_acc,15,fault,0.610186558912,0.728750436404,0.390209080991,0.0331397355227,0.0284001789369,0.0286531992095,5,3
P2,persistent.drop.phone_acc,drop,phone_acc,15,post,0.615924327265,0.732143805026,0.378335862146,0.0388572427383,0.0262657885798,0.0214172361421,5,3
P2,persistent.drop.phone_acc,drop,phone_acc,15,pre,0.604495098568,0.730853365406,0.379993455357,0.0351220214624,0.0331849250816,0.0340123524983,5,3
P2,persistent.drop.phone_acc,drop,phone_acc,30,fault,0.597236869476,0.74182853624,0.37678256084,0.0277485399128,0.0325165765413,0.0362896212637,5,3
P2,persistent.drop.phone_acc,drop,phone_acc,30,post,0.618646194523,0.748739535951,0.364107133155,0.0420314989626,0.036257424618,0.0352967966155,5,3
P2,persistent.drop.phone_acc,drop,phone_acc,30,pre,0.603484290251,0.74364176348,0.362523936976,0.0472062230808,0.0329552872013,0.0288976686385,5,3
P2,persistent.drop.phone_gyro,drop,phone_gyro,5,fault,0.598929716817,0.712075473585,0.411664836125,0.0288259141127,0.0293934412262,0.0266342080631,5,3
P2,persistent.drop.phone_gyro,drop,phone_gyro,5,post,0.606594166717,0.71514041785,0.405643022541,0.0276053138094,0.0283751969585,0.0299924940203,5,3
P2,persistent.drop.phone_gyro,drop,phone_gyro,5,pre,0.60979430112,0.717255482217,0.40154432338,0.0308658919258,0.0259760387619,0.0236411550224,5,3
P2,persistent.drop.phone_gyro,drop,phone_gyro,15,fault,0.609976691061,0.729874786576,0.385253308735,0.0310605599638,0.0281983589518,0.027208288903,5,3
P2,persistent.drop.phone_gyro,drop,phone_gyro,15,post,0.615924327265,0.732143805026,0.378335862146,0.0388572427383,0.0262657885798,0.0214172361421,5,3
P2,persistent.drop.phone_gyro,drop,phone_gyro,15,pre,0.604495098568,0.730853365406,0.379993455357,0.0351220214624,0.0331849250816,0.0340123524983,5,3
P2,persistent.drop.phone_gyro,drop,phone_gyro,30,fault,0.599394244772,0.743794978383,0.369650487811,0.0312802858527,0.0294848000619,0.0334504987443,5,3
P2,persistent.drop.phone_gyro,drop,phone_gyro,30,post,0.618646194523,0.748739535951,0.364107133155,0.0420314989626,0.036257424618,0.0352967966155,5,3
P2,persistent.drop.phone_gyro,drop,phone_gyro,30,pre,0.603484290251,0.74364176348,0.362523936976,0.0472062230808,0.0329552872013,0.0288976686385,5,3
P2,persistent.drop.phone_state,drop,phone_state,5,fault,0.586668387508,0.686173557357,0.435594365007,0.0337758497186,0.0241977589877,0.0235971171334,5,3
P2,persistent.drop.phone_state,drop,phone_state,5,post,0.606594166717,0.71514041785,0.405643022541,0.0276053138094,0.0283751969585,0.0299924940203,5,3
P2,persistent.drop.phone_state,drop,phone_state,5,pre,0.60979430112,0.717255482217,0.40154432338,0.0308658919258,0.0259760387619,0.0236411550224,5,3
P2,persistent.drop.phone_state,drop,phone_state,15,fault,0.59746571016,0.703877174583,0.408993190665,0.0359239134209,0.0269506170134,0.033663999493,5,3
P2,persistent.drop.phone_state,drop,phone_state,15,post,0.615924327265,0.732143805026,0.378335862146,0.0388572427383,0.0262657885798,0.0214172361421,5,3
P2,persistent.drop.phone_state,drop,phone_state,15,pre,0.604495098568,0.730853365406,0.379993455357,0.0351220214624,0.0331849250816,0.0340123524983,5,3
P2,persistent.drop.phone_state,drop,phone_state,30,fault,0.584445512857,0.715457261925,0.396106823732,0.0388433138881,0.029699845571,0.038400113318,5,3
P2,persistent.drop.phone_state,drop,phone_state,30,post,0.618646194523,0.748739535951,0.364107133155,0.0420314989626,0.036257424618,0.0352967966155,5,3
P2,persistent.drop.phone_state,drop,phone_state,30,pre,0.603484290251,0.74364176348,0.362523936976,0.0472062230808,0.0329552872013,0.0288976686385,5,3
P2,persistent.drop.watch_acc,drop,watch_acc,5,fault,0.571412599904,0.697246293555,0.427840241963,0.0192491239479,0.0334568631995,0.0331139525581,5,3
P2,persistent.drop.watch_acc,drop,watch_acc,5,post,0.606594166717,0.71514041785,0.405643022541,0.0276053138094,0.0283751969585,0.0299924940203,5,3
P2,persistent.drop.watch_acc,drop,watch_acc,5,pre,0.60979430112,0.717255482217,0.40154432338,0.0308658919258,0.0259760387619,0.0236411550224,5,3
P2,persistent.drop.watch_acc,drop,watch_acc,15,fault,0.586328498155,0.717002921987,0.404005212935,0.0151373830646,0.0343184459093,0.0322803007436,5,3
P2,persistent.drop.watch_acc,drop,watch_acc,15,post,0.615924327265,0.732143805026,0.378335862146,0.0388572427383,0.0262657885798,0.0214172361421,5,3
P2,persistent.drop.watch_acc,drop,watch_acc,15,pre,0.604495098568,0.730853365406,0.379993455357,0.0351220214624,0.0331849250816,0.0340123524983,5,3
P2,persistent.drop.watch_acc,drop,watch_acc,30,fault,0.57782664126,0.729943208131,0.389629250071,0.0158340199562,0.0381415831622,0.0390829773164,5,3
P2,persistent.drop.watch_acc,drop,watch_acc,30,post,0.618646194523,0.748739535951,0.364107133155,0.0420314989626,0.036257424618,0.0352967966155,5,3
P2,persistent.drop.watch_acc,drop,watch_acc,30,pre,0.603484290251,0.74364176348,0.362523936976,0.0472062230808,0.0329552872013,0.0288976686385,5,3
P2,persistent.gaussian_sigma_2.audio,gaussian_sigma_2,audio,5,fault,0.578514112989,0.684437951637,0.437803278673,0.0322279622399,0.0265003069476,0.0276611808462,5,3
P2,persistent.gaussian_sigma_2.audio,gaussian_sigma_2,audio,5,post,0.606594166717,0.71514041785,0.405643022541,0.0276053138094,0.0283751969585,0.0299924940203,5,3
P2,persistent.gaussian_sigma_2.audio,gaussian_sigma_2,audio,5,pre,0.60979430112,0.717255482217,0.40154432338,0.0308658919258,0.0259760387619,0.0236411550224,5,3
P2,persistent.gaussian_sigma_2.audio,gaussian_sigma_2,audio,15,fault,0.589796751805,0.701611080683,0.411322715881,0.0348338769587,0.0239063723969,0.0237338893892,5,3
P2,persistent.gaussian_sigma_2.audio,gaussian_sigma_2,audio,15,post,0.615924327265,0.732143805026,0.378335862146,0.0388572427383,0.0262657885798,0.0214172361421,5,3
P2,persistent.gaussian_sigma_2.audio,gaussian_sigma_2,audio,15,pre,0.604495098568,0.730853365406,0.379993455357,0.0351220214624,0.0331849250816,0.0340123524983,5,3
P2,persistent.gaussian_sigma_2.audio,gaussian_sigma_2,audio,30,fault,0.574325131989,0.715479243361,0.397191053861,0.0369685575166,0.027272222003,0.0249215521541,5,3
P2,persistent.gaussian_sigma_2.audio,gaussian_sigma_2,audio,30,post,0.618646194523,0.748739535951,0.364107133155,0.0420314989626,0.036257424618,0.0352967966155,5,3
P2,persistent.gaussian_sigma_2.audio,gaussian_sigma_2,audio,30,pre,0.603484290251,0.74364176348,0.362523936976,0.0472062230808,0.0329552872013,0.0288976686385,5,3
P2,persistent.gaussian_sigma_2.location,gaussian_sigma_2,location,5,fault,0.590163024579,0.697362686267,0.430755812678,0.0269759012473,0.0295301573781,0.0186046163849,5,3
P2,persistent.gaussian_sigma_2.location,gaussian_sigma_2,location,5,post,0.606594166717,0.71514041785,0.405643022541,0.0276053138094,0.0283751969585,0.0299924940203,5,3
P2,persistent.gaussian_sigma_2.location,gaussian_sigma_2,location,5,pre,0.60979430112,0.717255482217,0.40154432338,0.0308658919258,0.0259760387619,0.0236411550224,5,3
P2,persistent.gaussian_sigma_2.location,gaussian_sigma_2,location,15,fault,0.596121829625,0.713202108948,0.404282758978,0.027765829891,0.0292785196683,0.0206418376256,5,3
P2,persistent.gaussian_sigma_2.location,gaussian_sigma_2,location,15,post,0.615924327265,0.732143805026,0.378335862146,0.0388572427383,0.0262657885798,0.0214172361421,5,3
P2,persistent.gaussian_sigma_2.location,gaussian_sigma_2,location,15,pre,0.604495098568,0.730853365406,0.379993455357,0.0351220214624,0.0331849250816,0.0340123524983,5,3
P2,persistent.gaussian_sigma_2.location,gaussian_sigma_2,location,30,fault,0.589327871292,0.728826414999,0.388421270251,0.0282085116334,0.0286699303315,0.0236615733866,5,3
P2,persistent.gaussian_sigma_2.location,gaussian_sigma_2,location,30,post,0.618646194523,0.748739535951,0.364107133155,0.0420314989626,0.036257424618,0.0352967966155,5,3
P2,persistent.gaussian_sigma_2.location,gaussian_sigma_2,location,30,pre,0.603484290251,0.74364176348,0.362523936976,0.0472062230808,0.0329552872013,0.0288976686385,5,3
P2,persistent.gaussian_sigma_2.phone_acc,gaussian_sigma_2,phone_acc,5,fault,0.603040470664,0.710614698823,0.409631472382,0.0268940309297,0.0283679740692,0.0297996276722,5,3
P2,persistent.gaussian_sigma_2.phone_acc,gaussian_sigma_2,phone_acc,5,post,0.606594166717,0.71514041785,0.405643022541,0.0276053138094,0.0283751969585,0.0299924940203,5,3
P2,persistent.gaussian_sigma_2.phone_acc,gaussian_sigma_2,phone_acc,5,pre,0.60979430112,0.717255482217,0.40154432338,0.0308658919258,0.0259760387619,0.0236411550224,5,3
P2,persistent.gaussian_sigma_2.phone_acc,gaussian_sigma_2,phone_acc,15,fault,0.611386747896,0.727466431056,0.38626842317,0.0295054992099,0.026718153961,0.0256999618085,5,3
P2,persistent.gaussian_sigma_2.phone_acc,gaussian_sigma_2,phone_acc,15,post,0.615924327265,0.732143805026,0.378335862146,0.0388572427383,0.0262657885798,0.0214172361421,5,3
P2,persistent.gaussian_sigma_2.phone_acc,gaussian_sigma_2,phone_acc,15,pre,0.604495098568,0.730853365406,0.379993455357,0.0351220214624,0.0331849250816,0.0340123524983,5,3
P2,persistent.gaussian_sigma_2.phone_acc,gaussian_sigma_2,phone_acc,30,fault,0.598857216372,0.741186719239,0.372903155463,0.0237982322036,0.0301340516383,0.0325249639998,5,3
P2,persistent.gaussian_sigma_2.phone_acc,gaussian_sigma_2,phone_acc,30,post,0.618646194523,0.748739535951,0.364107133155,0.0420314989626,0.036257424618,0.0352967966155,5,3
P2,persistent.gaussian_sigma_2.phone_acc,gaussian_sigma_2,phone_acc,30,pre,0.603484290251,0.74364176348,0.362523936976,0.0472062230808,0.0329552872013,0.0288976686385,5,3
P2,persistent.gaussian_sigma_2.phone_gyro,gaussian_sigma_2,phone_gyro,5,fault,0.604183888255,0.712305683813,0.411333154228,0.0275690683302,0.029230148101,0.0263180185145,5,3
P2,persistent.gaussian_sigma_2.phone_gyro,gaussian_sigma_2,phone_gyro,5,post,0.606594166717,0.71514041785,0.405643022541,0.0276053138094,0.0283751969585,0.0299924940203,5,3
P2,persistent.gaussian_sigma_2.phone_gyro,gaussian_sigma_2,phone_gyro,5,pre,0.60979430112,0.717255482217,0.40154432338,0.0308658919258,0.0259760387619,0.0236411550224,5,3
P2,persistent.gaussian_sigma_2.phone_gyro,gaussian_sigma_2,phone_gyro,15,fault,0.613603455684,0.729782559115,0.383960534579,0.0277086633712,0.0278170006919,0.0254372785636,5,3
P2,persistent.gaussian_sigma_2.phone_gyro,gaussian_sigma_2,phone_gyro,15,post,0.615924327265,0.732143805026,0.378335862146,0.0388572427383,0.0262657885798,0.0214172361421,5,3
P2,persistent.gaussian_sigma_2.phone_gyro,gaussian_sigma_2,phone_gyro,15,pre,0.604495098568,0.730853365406,0.379993455357,0.0351220214624,0.0331849250816,0.0340123524983,5,3
P2,persistent.gaussian_sigma_2.phone_gyro,gaussian_sigma_2,phone_gyro,30,fault,0.602063892268,0.74475835313,0.367069757713,0.028703821814,0.0292190289577,0.0303540245672,5,3
P2,persistent.gaussian_sigma_2.phone_gyro,gaussian_sigma_2,phone_gyro,30,post,0.618646194523,0.748739535951,0.364107133155,0.0420314989626,0.036257424618,0.0352967966155,5,3
P2,persistent.gaussian_sigma_2.phone_gyro,gaussian_sigma_2,phone_gyro,30,pre,0.603484290251,0.74364176348,0.362523936976,0.0472062230808,0.0329552872013,0.0288976686385,5,3
P2,persistent.gaussian_sigma_2.phone_state,gaussian_sigma_2,phone_state,5,fault,0.581708009688,0.682701796213,0.433809851383,0.0270356717441,0.028623514978,0.0229095424081,5,3
P2,persistent.gaussian_sigma_2.phone_state,gaussian_sigma_2,phone_state,5,post,0.606594166717,0.71514041785,0.405643022541,0.0276053138094,0.0283751969585,0.0299924940203,5,3
P2,persistent.gaussian_sigma_2.phone_state,gaussian_sigma_2,phone_state,5,pre,0.60979430112,0.717255482217,0.40154432338,0.0308658919258,0.0259760387619,0.0236411550224,5,3
P2,persistent.gaussian_sigma_2.phone_state,gaussian_sigma_2,phone_state,15,fault,0.591892668874,0.700434371721,0.406935487866,0.030284512123,0.0300377696573,0.0301031040235,5,3
P2,persistent.gaussian_sigma_2.phone_state,gaussian_sigma_2,phone_state,15,post,0.615924327265,0.732143805026,0.378335862146,0.0388572427383,0.0262657885798,0.0214172361421,5,3
P2,persistent.gaussian_sigma_2.phone_state,gaussian_sigma_2,phone_state,15,pre,0.604495098568,0.730853365406,0.379993455357,0.0351220214624,0.0331849250816,0.0340123524983,5,3
P2,persistent.gaussian_sigma_2.phone_state,gaussian_sigma_2,phone_state,30,fault,0.582580938001,0.713525615552,0.393544267394,0.038154899084,0.0310633238919,0.0351125756032,5,3
P2,persistent.gaussian_sigma_2.phone_state,gaussian_sigma_2,phone_state,30,post,0.618646194523,0.748739535951,0.364107133155,0.0420314989626,0.036257424618,0.0352967966155,5,3
P2,persistent.gaussian_sigma_2.phone_state,gaussian_sigma_2,phone_state,30,pre,0.603484290251,0.74364176348,0.362523936976,0.0472062230808,0.0329552872013,0.0288976686385,5,3
P2,persistent.gaussian_sigma_2.watch_acc,gaussian_sigma_2,watch_acc,5,fault,0.581546803246,0.695545194594,0.421532187945,0.0290701336518,0.0257491067229,0.0242412388616,5,3
P2,persistent.gaussian_sigma_2.watch_acc,gaussian_sigma_2,watch_acc,5,post,0.606594166717,0.71514041785,0.405643022541,0.0276053138094,0.0283751969585,0.0299924940203,5,3
P2,persistent.gaussian_sigma_2.watch_acc,gaussian_sigma_2,watch_acc,5,pre,0.60979430112,0.717255482217,0.40154432338,0.0308658919258,0.0259760387619,0.0236411550224,5,3
P2,persistent.gaussian_sigma_2.watch_acc,gaussian_sigma_2,watch_acc,15,fault,0.59369060122,0.714281435762,0.397747022385,0.0288782760614,0.0240807419895,0.0214117808357,5,3
P2,persistent.gaussian_sigma_2.watch_acc,gaussian_sigma_2,watch_acc,15,post,0.615924327265,0.732143805026,0.378335862146,0.0388572427383,0.0262657885798,0.0214172361421,5,3
P2,persistent.gaussian_sigma_2.watch_acc,gaussian_sigma_2,watch_acc,15,pre,0.604495098568,0.730853365406,0.379993455357,0.0351220214624,0.0331849250816,0.0340123524983,5,3
P2,persistent.gaussian_sigma_2.watch_acc,gaussian_sigma_2,watch_acc,30,fault,0.580328526001,0.72723066,0.384335407994,0.0217137220159,0.0263293130964,0.0254609051191,5,3
P2,persistent.gaussian_sigma_2.watch_acc,gaussian_sigma_2,watch_acc,30,post,0.618646194523,0.748739535951,0.364107133155,0.0420314989626,0.036257424618,0.0352967966155,5,3
P2,persistent.gaussian_sigma_2.watch_acc,gaussian_sigma_2,watch_acc,30,pre,0.603484290251,0.74364176348,0.362523936976,0.0472062230808,0.0329552872013,0.0288976686385,5,3
