phase,model_id,fold,seed,scenario,protocol_sha256,source_prediction_sha256,run_id,requested_coverage,coverage,accepted_count,risk_masked_bce,macro_f1,micro_f1,known_target_count,score_method,confidence_cutoff
V3-1,B4,0,47,natural_missingness,fb82651717076e658cf67e62ccd41ca247d29c994518945706edefcf0b635aa0,c1a73508ed2370cb4394bbb925a19e9fd44e4b1ab9d9754a29526fec3f20f561,extrasensory-gated-fold0-seed47-full,0.05,0.05000076853317758,3253,0.2721301441985919,0.3867428096116604,0.9529011319559882,42281,mean_binary_certainty,0.9772920001634392
V3-1,B4,0,47,natural_missingness,fb82651717076e658cf67e62ccd41ca247d29c994518945706edefcf0b635aa0,c1a73508ed2370cb4394bbb925a19e9fd44e4b1ab9d9754a29526fec3f20f561,extrasensory-gated-fold0-seed47-full,0.1,0.10000153706635516,6506,0.258825709162506,0.44206982007645657,0.9413187654968049,82855,mean_binary_certainty,0.9533098927687723
V3-1,B4,0,47,natural_missingness,fb82651717076e658cf67e62ccd41ca247d29c994518945706edefcf0b635aa0,c1a73508ed2370cb4394bbb925a19e9fd44e4b1ab9d9754a29526fec3f20f561,extrasensory-gated-fold0-seed47-full,0.15,0.15000230559953273,9759,0.2668226531821686,0.440685510214537,0.9310723301503677,124132,mean_binary_certainty,0.9296497975574416
V3-1,B4,0,47,natural_missingness,fb82651717076e658cf67e62ccd41ca247d29c994518945706edefcf0b635aa0,c1a73508ed2370cb4394bbb925a19e9fd44e4b1ab9d9754a29526fec3f20f561,extrasensory-gated-fold0-seed47-full,0.2,0.20000307413271032,13012,0.2838520771958307,0.6003871492703977,0.9172672545362048,162498,mean_binary_certainty,0.8556960242722562
V3-1,B4,0,47,natural_missingness,fb82651717076e658cf67e62ccd41ca247d29c994518945706edefcf0b635aa0,c1a73508ed2370cb4394bbb925a19e9fd44e4b1ab9d9754a29526fec3f20f561,extrasensory-gated-fold0-seed47-full,0.25,0.2500038426658879,16265,0.29945871299350807,0.6375257343456286,0.8970809271418401,198527,mean_binary_certainty,0.7820033474459877
V3-1,B4,0,47,natural_missingness,fb82651717076e658cf67e62ccd41ca247d29c994518945706edefcf0b635aa0,c1a73508ed2370cb4394bbb925a19e9fd44e4b1ab9d9754a29526fec3f20f561,extrasensory-gated-fold0-seed47-full,0.3,0.30000461119906546,19518,0.3218337421984286,0.6327924768673466,0.8733652409840563,231970,mean_binary_certainty,0.733396852285233
V3-1,B4,0,47,natural_missingness,fb82651717076e658cf67e62ccd41ca247d29c994518945706edefcf0b635aa0,c1a73508ed2370cb4394bbb925a19e9fd44e4b1ab9d9754a29526fec3f20f561,extrasensory-gated-fold0-seed47-full,0.35,0.35000537973224305,22771,0.33986252821434304,0.6369630835521715,0.8522264334502118,264370,mean_binary_certainty,0.6981044051252556
V3-1,B4,0,47,natural_missingness,fb82651717076e658cf67e62ccd41ca247d29c994518945706edefcf0b635aa0,c1a73508ed2370cb4394bbb925a19e9fd44e4b1ab9d9754a29526fec3f20f561,extrasensory-gated-fold0-seed47-full,0.4,0.40000614826542064,26024,0.35586594758519324,0.6348640222947044,0.833099834428049,296331,mean_binary_certainty,0.6683645310595392
V3-1,B4,0,47,natural_missingness,fb82651717076e658cf67e62ccd41ca247d29c994518945706edefcf0b635aa0,c1a73508ed2370cb4394bbb925a19e9fd44e4b1ab9d9754a29526fec3f20f561,extrasensory-gated-fold0-seed47-full,0.45,0.4500069167985982,29277,0.3706749356773649,0.6264559493268477,0.8157117347501157,328191,mean_binary_certainty,0.6423650835553869
V3-1,B4,0,47,natural_missingness,fb82651717076e658cf67e62ccd41ca247d29c994518945706edefcf0b635aa0,c1a73508ed2370cb4394bbb925a19e9fd44e4b1ab9d9754a29526fec3f20f561,extrasensory-gated-fold0-seed47-full,0.5,0.5000076853317758,32530,0.38472350205942796,0.6170780607269938,0.7997069449005887,359847,mean_binary_certainty,0.6184435756882372
V3-1,B4,0,47,natural_missingness,fb82651717076e658cf67e62ccd41ca247d29c994518945706edefcf0b635aa0,c1a73508ed2370cb4394bbb925a19e9fd44e4b1ab9d9754a29526fec3f20f561,extrasensory-gated-fold0-seed47-full,0.55,0.5500084538649533,35783,0.3969282849506462,0.6126649042097354,0.7855228382782805,390573,mean_binary_certainty,0.5956762054976084
V3-1,B4,0,47,natural_missingness,fb82651717076e658cf67e62ccd41ca247d29c994518945706edefcf0b635aa0,c1a73508ed2370cb4394bbb925a19e9fd44e4b1ab9d9754a29526fec3f20f561,extrasensory-gated-fold0-seed47-full,0.6,0.6000092223981309,39036,0.4070279256868234,0.6034818487103759,0.7726573833578012,421410,mean_binary_certainty,0.5726122045464652
V3-1,B4,0,47,natural_missingness,fb82651717076e658cf67e62ccd41ca247d29c994518945706edefcf0b635aa0,c1a73508ed2370cb4394bbb925a19e9fd44e4b1ab9d9754a29526fec3f20f561,extrasensory-gated-fold0-seed47-full,0.65,0.6500099909313085,42289,0.4154333710411308,0.5960227300682025,0.760748793740844,452423,mean_binary_certainty,0.5497603311062489
V3-1,B4,0,47,natural_missingness,fb82651717076e658cf67e62ccd41ca247d29c994518945706edefcf0b635aa0,c1a73508ed2370cb4394bbb925a19e9fd44e4b1ab9d9754a29526fec3f20f561,extrasensory-gated-fold0-seed47-full,0.7,0.7000107594644861,45542,0.42191660033940265,0.5892416155170501,0.7505086450609993,483081,mean_binary_certainty,0.5245553765331199
V3-1,B4,0,47,natural_missingness,fb82651717076e658cf67e62ccd41ca247d29c994518945706edefcf0b635aa0,c1a73508ed2370cb4394bbb925a19e9fd44e4b1ab9d9754a29526fec3f20f561,extrasensory-gated-fold0-seed47-full,0.75,0.7500115279976637,48795,0.4281886722208854,0.583520704731124,0.7410286074507598,514673,mean_binary_certainty,0.49728526431693754
V3-1,B4,0,47,natural_missingness,fb82651717076e658cf67e62ccd41ca247d29c994518945706edefcf0b635aa0,c1a73508ed2370cb4394bbb925a19e9fd44e4b1ab9d9754a29526fec3f20f561,extrasensory-gated-fold0-seed47-full,0.8,0.8000122965308413,52048,0.43308353916484515,0.5782164477473949,0.732605729877217,546150,mean_binary_certainty,0.4685205814201434
V3-1,B4,0,47,natural_missingness,fb82651717076e658cf67e62ccd41ca247d29c994518945706edefcf0b635aa0,c1a73508ed2370cb4394bbb925a19e9fd44e4b1ab9d9754a29526fec3f20f561,extrasensory-gated-fold0-seed47-full,0.85,0.8500130650640189,55301,0.43860783021781163,0.5729282571733328,0.7241904931980382,578313,mean_binary_certainty,0.43322495179591736
V3-1,B4,0,47,natural_missingness,fb82651717076e658cf67e62ccd41ca247d29c994518945706edefcf0b635aa0,c1a73508ed2370cb4394bbb925a19e9fd44e4b1ab9d9754a29526fec3f20f561,extrasensory-gated-fold0-seed47-full,0.9,0.9000138335971964,58554,0.4453822178156935,0.5667771970188118,0.7157952576186652,610046,mean_binary_certainty,0.3909734661956362
V3-1,B4,0,47,natural_missingness,fb82651717076e658cf67e62ccd41ca247d29c994518945706edefcf0b635aa0,c1a73508ed2370cb4394bbb925a19e9fd44e4b1ab9d9754a29526fec3f20f561,extrasensory-gated-fold0-seed47-full,0.95,0.9500146021303739,61807,0.45182431542023777,0.5598960638585954,0.7079296262826159,641818,mean_binary_certainty,0.3294403080153476
V3-1,B4,0,47,natural_missingness,fb82651717076e658cf67e62ccd41ca247d29c994518945706edefcf0b635aa0,c1a73508ed2370cb4394bbb925a19e9fd44e4b1ab9d9754a29526fec3f20f561,extrasensory-gated-fold0-seed47-full,1.0,1.0,65059,0.46040073541273746,0.5515488430091382,0.7008619173262973,673892,mean_binary_certainty,0.057194045340663524
V3-1,B4,0,47,natural_missingness,fb82651717076e658cf67e62ccd41ca247d29c994518945706edefcf0b635aa0,c1a73508ed2370cb4394bbb925a19e9fd44e4b1ab9d9754a29526fec3f20f561,extrasensory-gated-fold0-seed47-full,0.05,0.05000076853317758,3253,0.2593792186734886,0.388014729169159,0.9565867086118758,42164,mean_normalized_threshold_margin,0.9952734400580389
V3-1,B4,0,47,natural_missingness,fb82651717076e658cf67e62ccd41ca247d29c994518945706edefcf0b635aa0,c1a73508ed2370cb4394bbb925a19e9fd44e4b1ab9d9754a29526fec3f20f561,extrasensory-gated-fold0-seed47-full,0.1,0.10000153706635516,6506,0.25212384651318326,0.4415385238141872,0.9433311267577381,82207,mean_normalized_threshold_margin,0.9850744673368264
V3-1,B4,0,47,natural_missingness,fb82651717076e658cf67e62ccd41ca247d29c994518945706edefcf0b635aa0,c1a73508ed2370cb4394bbb925a19e9fd44e4b1ab9d9754a29526fec3f20f561,extrasensory-gated-fold0-seed47-full,0.15,0.15000230559953273,9759,0.2630700507914827,0.4941225766640092,0.9330338802004875,122511,mean_normalized_threshold_margin,0.9609306217203801
V3-1,B4,0,47,natural_missingness,fb82651717076e658cf67e62ccd41ca247d29c994518945706edefcf0b635aa0,c1a73508ed2370cb4394bbb925a19e9fd44e4b1ab9d9754a29526fec3f20f561,extrasensory-gated-fold0-seed47-full,0.2,0.20000307413271032,13012,0.2772135155615051,0.5411713888962307,0.9200054986306295,162341,mean_normalized_threshold_margin,0.9292226947447232
V3-1,B4,0,47,natural_missingness,fb82651717076e658cf67e62ccd41ca247d29c994518945706edefcf0b635aa0,c1a73508ed2370cb4394bbb925a19e9fd44e4b1ab9d9754a29526fec3f20f561,extrasensory-gated-fold0-seed47-full,0.25,0.2500038426658879,16265,0.2976649156665064,0.6149783217078764,0.898431718061674,198478,mean_normalized_threshold_margin,0.8860593453214197
V3-1,B4,0,47,natural_missingness,fb82651717076e658cf67e62ccd41ca247d29c994518945706edefcf0b635aa0,c1a73508ed2370cb4394bbb925a19e9fd44e4b1ab9d9754a29526fec3f20f561,extrasensory-gated-fold0-seed47-full,0.3,0.30000461119906546,19518,0.31450936473913277,0.6177641014422959,0.8762357268756227,232076,mean_normalized_threshold_margin,0.8538864094567076
V3-1,B4,0,47,natural_missingness,fb82651717076e658cf67e62ccd41ca247d29c994518945706edefcf0b635aa0,c1a73508ed2370cb4394bbb925a19e9fd44e4b1ab9d9754a29526fec3f20f561,extrasensory-gated-fold0-seed47-full,0.35,0.35000537973224305,22771,0.33320000654924176,0.609721103481475,0.8552643233336286,263859,mean_normalized_threshold_margin,0.828680673228638
V3-1,B4,0,47,natural_missingness,fb82651717076e658cf67e62ccd41ca247d29c994518945706edefcf0b635aa0,c1a73508ed2370cb4394bbb925a19e9fd44e4b1ab9d9754a29526fec3f20f561,extrasensory-gated-fold0-seed47-full,0.4,0.40000614826542064,26024,0.3491810276770137,0.6092419919819737,0.8363923450246945,296009,mean_normalized_threshold_margin,0.80654215598143
V3-1,B4,0,47,natural_missingness,fb82651717076e658cf67e62ccd41ca247d29c994518945706edefcf0b635aa0,c1a73508ed2370cb4394bbb925a19e9fd44e4b1ab9d9754a29526fec3f20f561,extrasensory-gated-fold0-seed47-full,0.45,0.4500069167985982,29277,0.36308322441891905,0.6138306893405885,0.8201011167287071,327538,mean_normalized_threshold_margin,0.786125776449348
V3-1,B4,0,47,natural_missingness,fb82651717076e658cf67e62ccd41ca247d29c994518945706edefcf0b635aa0,c1a73508ed2370cb4394bbb925a19e9fd44e4b1ab9d9754a29526fec3f20f561,extrasensory-gated-fold0-seed47-full,0.5,0.5000076853317758,32530,0.375904603668972,0.61018580887259,0.8043407642018923,359294,mean_normalized_threshold_margin,0.7676310379326595
V3-1,B4,0,47,natural_missingness,fb82651717076e658cf67e62ccd41ca247d29c994518945706edefcf0b635aa0,c1a73508ed2370cb4394bbb925a19e9fd44e4b1ab9d9754a29526fec3f20f561,extrasensory-gated-fold0-seed47-full,0.55,0.5500084538649533,35783,0.38818802347301484,0.606772154030793,0.7905004399677981,390492,mean_normalized_threshold_margin,0.7498502372460928
V3-1,B4,0,47,natural_missingness,fb82651717076e658cf67e62ccd41ca247d29c994518945706edefcf0b635aa0,c1a73508ed2370cb4394bbb925a19e9fd44e4b1ab9d9754a29526fec3f20f561,extrasensory-gated-fold0-seed47-full,0.6,0.6000092223981309,39036,0.4002118358472954,0.5977184557804461,0.7776621574748526,421973,mean_normalized_threshold_margin,0.732967178963573
V3-1,B4,0,47,natural_missingness,fb82651717076e658cf67e62ccd41ca247d29c994518945706edefcf0b635aa0,c1a73508ed2370cb4394bbb925a19e9fd44e4b1ab9d9754a29526fec3f20f561,extrasensory-gated-fold0-seed47-full,0.65,0.6500099909313085,42289,0.4100098776197027,0.594013940579775,0.7664651311192695,453226,mean_normalized_threshold_margin,0.715571364382584
V3-1,B4,0,47,natural_missingness,fb82651717076e658cf67e62ccd41ca247d29c994518945706edefcf0b635aa0,c1a73508ed2370cb4394bbb925a19e9fd44e4b1ab9d9754a29526fec3f20f561,extrasensory-gated-fold0-seed47-full,0.7,0.7000107594644861,45542,0.41893651942063465,0.5864972520458852,0.7561260121935106,484709,mean_normalized_threshold_margin,0.6967005023721102
V3-1,B4,0,47,natural_missingness,fb82651717076e658cf67e62ccd41ca247d29c994518945706edefcf0b635aa0,c1a73508ed2370cb4394bbb925a19e9fd44e4b1ab9d9754a29526fec3f20f561,extrasensory-gated-fold0-seed47-full,0.75,0.7500115279976637,48795,0.42634343153616533,0.5795956479423889,0.7463447855110915,515782,mean_normalized_threshold_margin,0.6755421918229008
V3-1,B4,0,47,natural_missingness,fb82651717076e658cf67e62ccd41ca247d29c994518945706edefcf0b635aa0,c1a73508ed2370cb4394bbb925a19e9fd44e4b1ab9d9754a29526fec3f20f561,extrasensory-gated-fold0-seed47-full,0.8,0.8000122965308413,52048,0.4322338123990293,0.5755756947860229,0.737286265488856,546985,mean_normalized_threshold_margin,0.6514545870232609
V3-1,B4,0,47,natural_missingness,fb82651717076e658cf67e62ccd41ca247d29c994518945706edefcf0b635aa0,c1a73508ed2370cb4394bbb925a19e9fd44e4b1ab9d9754a29526fec3f20f561,extrasensory-gated-fold0-seed47-full,0.85,0.8500130650640189,55301,0.43780718642531735,0.5708634016301569,0.7287612494387139,578669,mean_normalized_threshold_margin,0.6218781251704812
V3-1,B4,0,47,natural_missingness,fb82651717076e658cf67e62ccd41ca247d29c994518945706edefcf0b635aa0,c1a73508ed2370cb4394bbb925a19e9fd44e4b1ab9d9754a29526fec3f20f561,extrasensory-gated-fold0-seed47-full,0.9,0.9000138335971964,58554,0.4440991546068309,0.5658200266225937,0.7198616526750846,610660,mean_normalized_threshold_margin,0.582494927990752
V3-1,B4,0,47,natural_missingness,fb82651717076e658cf67e62ccd41ca247d29c994518945706edefcf0b635aa0,c1a73508ed2370cb4394bbb925a19e9fd44e4b1ab9d9754a29526fec3f20f561,extrasensory-gated-fold0-seed47-full,0.95,0.9500146021303739,61807,0.45087608776284166,0.5601896872124887,0.7107680999632489,642205,mean_normalized_threshold_margin,0.5261999388517575
V3-1,B4,0,47,natural_missingness,fb82651717076e658cf67e62ccd41ca247d29c994518945706edefcf0b635aa0,c1a73508ed2370cb4394bbb925a19e9fd44e4b1ab9d9754a29526fec3f20f561,extrasensory-gated-fold0-seed47-full,1.0,1.0,65059,0.4604007354127374,0.5515488430091382,0.7008619173262973,673892,mean_normalized_threshold_margin,0.23217778031544076
V3-1,B5,0,47,natural_missingness,fb82651717076e658cf67e62ccd41ca247d29c994518945706edefcf0b635aa0,9606d3caf6b2767cfbbd3ab0fd901bca65fe14b9c6aad9892d84cc8927c25c1f,extrasensory-robust-gated-fold0-seed47-full,0.05,0.05000076853317758,3253,0.08392638549241879,0.42324011935646044,0.9556959445689831,42343,mean_binary_certainty,0.937500870167913
V3-1,B5,0,47,natural_missingness,fb82651717076e658cf67e62ccd41ca247d29c994518945706edefcf0b635aa0,9606d3caf6b2767cfbbd3ab0fd901bca65fe14b9c6aad9892d84cc8927c25c1f,extrasensory-robust-gated-fold0-seed47-full,0.1,0.10000153706635516,6506,0.13571421257786687,0.417429007324013,0.9404228058936579,84769,mean_binary_certainty,0.9077242309883079
V3-1,B5,0,47,natural_missingness,fb82651717076e658cf67e62ccd41ca247d29c994518945706edefcf0b635aa0,9606d3caf6b2767cfbbd3ab0fd901bca65fe14b9c6aad9892d84cc8927c25c1f,extrasensory-robust-gated-fold0-seed47-full,0.15,0.15000230559953273,9759,0.15798537671531812,0.49654757764664753,0.9335576114381834,125522,mean_binary_certainty,0.8230371656751291
V3-1,B5,0,47,natural_missingness,fb82651717076e658cf67e62ccd41ca247d29c994518945706edefcf0b635aa0,9606d3caf6b2767cfbbd3ab0fd901bca65fe14b9c6aad9892d84cc8927c25c1f,extrasensory-robust-gated-fold0-seed47-full,0.2,0.20000307413271032,13012,0.1771408213043344,0.5585950632976321,0.9216939543205751,162530,mean_binary_certainty,0.713524614576089
V3-1,B5,0,47,natural_missingness,fb82651717076e658cf67e62ccd41ca247d29c994518945706edefcf0b635aa0,9606d3caf6b2767cfbbd3ab0fd901bca65fe14b9c6aad9892d84cc8927c25c1f,extrasensory-robust-gated-fold0-seed47-full,0.25,0.2500038426658879,16265,0.19586361992879386,0.5912886726095702,0.9051278797875618,196729,mean_binary_certainty,0.6421537821505866
V3-1,B5,0,47,natural_missingness,fb82651717076e658cf67e62ccd41ca247d29c994518945706edefcf0b635aa0,9606d3caf6b2767cfbbd3ab0fd901bca65fe14b9c6aad9892d84cc8927c25c1f,extrasensory-robust-gated-fold0-seed47-full,0.3,0.30000461119906546,19518,0.21779376108784324,0.6263047634919141,0.8866419397261137,229593,mean_binary_certainty,0.5938613762234337
V3-1,B5,0,47,natural_missingness,fb82651717076e658cf67e62ccd41ca247d29c994518945706edefcf0b635aa0,9606d3caf6b2767cfbbd3ab0fd901bca65fe14b9c6aad9892d84cc8927c25c1f,extrasensory-robust-gated-fold0-seed47-full,0.35,0.35000537973224305,22771,0.24027308680828993,0.6434904852769994,0.8680016175588805,262055,mean_binary_certainty,0.5587583473487259
V3-1,B5,0,47,natural_missingness,fb82651717076e658cf67e62ccd41ca247d29c994518945706edefcf0b635aa0,9606d3caf6b2767cfbbd3ab0fd901bca65fe14b9c6aad9892d84cc8927c25c1f,extrasensory-robust-gated-fold0-seed47-full,0.4,0.40000614826542064,26024,0.2607352600044485,0.6518508886302238,0.8507761799757503,293498,mean_binary_certainty,0.530211655980556
V3-1,B5,0,47,natural_missingness,fb82651717076e658cf67e62ccd41ca247d29c994518945706edefcf0b635aa0,9606d3caf6b2767cfbbd3ab0fd901bca65fe14b9c6aad9892d84cc8927c25c1f,extrasensory-robust-gated-fold0-seed47-full,0.45,0.4500069167985982,29277,0.2806616741572479,0.6504120347979173,0.8347833063970749,324272,mean_binary_certainty,0.506313043451859
V3-1,B5,0,47,natural_missingness,fb82651717076e658cf67e62ccd41ca247d29c994518945706edefcf0b635aa0,9606d3caf6b2767cfbbd3ab0fd901bca65fe14b9c6aad9892d84cc8927c25c1f,extrasensory-robust-gated-fold0-seed47-full,0.5,0.5000076853317758,32530,0.2967915285478953,0.646737097944466,0.8203397694798005,354733,mean_binary_certainty,0.483776999589967
V3-1,B5,0,47,natural_missingness,fb82651717076e658cf67e62ccd41ca247d29c994518945706edefcf0b635aa0,9606d3caf6b2767cfbbd3ab0fd901bca65fe14b9c6aad9892d84cc8927c25c1f,extrasensory-robust-gated-fold0-seed47-full,0.55,0.5500084538649533,35783,0.3108951561171415,0.6433177981238745,0.807922589334075,385148,mean_binary_certainty,0.46134579457378844
V3-1,B5,0,47,natural_missingness,fb82651717076e658cf67e62ccd41ca247d29c994518945706edefcf0b635aa0,9606d3caf6b2767cfbbd3ab0fd901bca65fe14b9c6aad9892d84cc8927c25c1f,extrasensory-robust-gated-fold0-seed47-full,0.6,0.6000092223981309,39036,0.32365750039274704,0.637925145103094,0.796419284400511,416079,mean_binary_certainty,0.43853956037778086
V3-1,B5,0,47,natural_missingness,fb82651717076e658cf67e62ccd41ca247d29c994518945706edefcf0b635aa0,9606d3caf6b2767cfbbd3ab0fd901bca65fe14b9c6aad9892d84cc8927c25c1f,extrasensory-robust-gated-fold0-seed47-full,0.65,0.6500099909313085,42289,0.3356696921580743,0.6309567284461343,0.7860146124818823,446691,mean_binary_certainty,0.4134368797651763
V3-1,B5,0,47,natural_missingness,fb82651717076e658cf67e62ccd41ca247d29c994518945706edefcf0b635aa0,9606d3caf6b2767cfbbd3ab0fd901bca65fe14b9c6aad9892d84cc8927c25c1f,extrasensory-robust-gated-fold0-seed47-full,0.7,0.7000107594644861,45542,0.3459855738641315,0.626000045022813,0.7759765408874627,478172,mean_binary_certainty,0.38712758331705566
V3-1,B5,0,47,natural_missingness,fb82651717076e658cf67e62ccd41ca247d29c994518945706edefcf0b635aa0,9606d3caf6b2767cfbbd3ab0fd901bca65fe14b9c6aad9892d84cc8927c25c1f,extrasensory-robust-gated-fold0-seed47-full,0.75,0.7500115279976637,48795,0.35629659856579887,0.6205227256846296,0.7664973491692089,510601,mean_binary_certainty,0.35691939308080867
V3-1,B5,0,47,natural_missingness,fb82651717076e658cf67e62ccd41ca247d29c994518945706edefcf0b635aa0,9606d3caf6b2767cfbbd3ab0fd901bca65fe14b9c6aad9892d84cc8927c25c1f,extrasensory-robust-gated-fold0-seed47-full,0.8,0.8000122965308413,52048,0.366365750289994,0.6133119764799985,0.7569647379699981,543115,mean_binary_certainty,0.32545772346790813
V3-1,B5,0,47,natural_missingness,fb82651717076e658cf67e62ccd41ca247d29c994518945706edefcf0b635aa0,9606d3caf6b2767cfbbd3ab0fd901bca65fe14b9c6aad9892d84cc8927c25c1f,extrasensory-robust-gated-fold0-seed47-full,0.85,0.8500130650640189,55301,0.3761908339554864,0.6053838067169962,0.7479129148338041,575538,mean_binary_certainty,0.2916712807905584
V3-1,B5,0,47,natural_missingness,fb82651717076e658cf67e62ccd41ca247d29c994518945706edefcf0b635aa0,9606d3caf6b2767cfbbd3ab0fd901bca65fe14b9c6aad9892d84cc8927c25c1f,extrasensory-robust-gated-fold0-seed47-full,0.9,0.9000138335971964,58554,0.38588097763393575,0.5974542329758725,0.7390236271208493,608625,mean_binary_certainty,0.25377721468349757
V3-1,B5,0,47,natural_missingness,fb82651717076e658cf67e62ccd41ca247d29c994518945706edefcf0b635aa0,9606d3caf6b2767cfbbd3ab0fd901bca65fe14b9c6aad9892d84cc8927c25c1f,extrasensory-robust-gated-fold0-seed47-full,0.95,0.9500146021303739,61807,0.39584069042668873,0.5891606035750151,0.7306769562370242,641042,mean_binary_certainty,0.20348110783758067
V3-1,B5,0,47,natural_missingness,fb82651717076e658cf67e62ccd41ca247d29c994518945706edefcf0b635aa0,9606d3caf6b2767cfbbd3ab0fd901bca65fe14b9c6aad9892d84cc8927c25c1f,extrasensory-robust-gated-fold0-seed47-full,1.0,1.0,65059,0.4064864670512113,0.5801188166319075,0.72276005095513,673892,mean_binary_certainty,0.02996107957616867
V3-1,B5,0,47,natural_missingness,fb82651717076e658cf67e62ccd41ca247d29c994518945706edefcf0b635aa0,9606d3caf6b2767cfbbd3ab0fd901bca65fe14b9c6aad9892d84cc8927c25c1f,extrasensory-robust-gated-fold0-seed47-full,0.05,0.05000076853317758,3253,0.09275464045570736,0.4253971838024377,0.9575274016763379,42055,mean_normalized_threshold_margin,0.981486523040252
V3-1,B5,0,47,natural_missingness,fb82651717076e658cf67e62ccd41ca247d29c994518945706edefcf0b635aa0,9606d3caf6b2767cfbbd3ab0fd901bca65fe14b9c6aad9892d84cc8927c25c1f,extrasensory-robust-gated-fold0-seed47-full,0.1,0.10000153706635516,6506,0.1394687274893543,0.4217131981609186,0.9464216673788739,83855,mean_normalized_threshold_margin,0.9599599373000804
V3-1,B5,0,47,natural_missingness,fb82651717076e658cf67e62ccd41ca247d29c994518945706edefcf0b635aa0,9606d3caf6b2767cfbbd3ab0fd901bca65fe14b9c6aad9892d84cc8927c25c1f,extrasensory-robust-gated-fold0-seed47-full,0.15,0.15000230559953273,9759,0.15350018761500048,0.4576951525746224,0.9364466726186388,125417,mean_normalized_threshold_margin,0.9316797071314197
V3-1,B5,0,47,natural_missingness,fb82651717076e658cf67e62ccd41ca247d29c994518945706edefcf0b635aa0,9606d3caf6b2767cfbbd3ab0fd901bca65fe14b9c6aad9892d84cc8927c25c1f,extrasensory-robust-gated-fold0-seed47-full,0.2,0.20000307413271032,13012,0.17810166897342294,0.5464394209357348,0.9236420160551924,163451,mean_normalized_threshold_margin,0.8702805806042969
V3-1,B5,0,47,natural_missingness,fb82651717076e658cf67e62ccd41ca247d29c994518945706edefcf0b635aa0,9606d3caf6b2767cfbbd3ab0fd901bca65fe14b9c6aad9892d84cc8927c25c1f,extrasensory-robust-gated-fold0-seed47-full,0.25,0.2500038426658879,16265,0.1980488706539682,0.5776291858181236,0.9076328174535843,198074,mean_normalized_threshold_margin,0.8154275891898607
V3-1,B5,0,47,natural_missingness,fb82651717076e658cf67e62ccd41ca247d29c994518945706edefcf0b635aa0,9606d3caf6b2767cfbbd3ab0fd901bca65fe14b9c6aad9892d84cc8927c25c1f,extrasensory-robust-gated-fold0-seed47-full,0.3,0.30000461119906546,19518,0.21829065811225723,0.613954532009957,0.8902093812141771,230431,mean_normalized_threshold_margin,0.777689986427917
V3-1,B5,0,47,natural_missingness,fb82651717076e658cf67e62ccd41ca247d29c994518945706edefcf0b635aa0,9606d3caf6b2767cfbbd3ab0fd901bca65fe14b9c6aad9892d84cc8927c25c1f,extrasensory-robust-gated-fold0-seed47-full,0.35,0.35000537973224305,22771,0.23831469295375649,0.632246567772179,0.8734675250140023,262881,mean_normalized_threshold_margin,0.7477761716876157
V3-1,B5,0,47,natural_missingness,fb82651717076e658cf67e62ccd41ca247d29c994518945706edefcf0b635aa0,9606d3caf6b2767cfbbd3ab0fd901bca65fe14b9c6aad9892d84cc8927c25c1f,extrasensory-robust-gated-fold0-seed47-full,0.4,0.40000614826542064,26024,0.2591442656070938,0.6484615596619283,0.8578109161914593,294113,mean_normalized_threshold_margin,0.7240163834567295
V3-1,B5,0,47,natural_missingness,fb82651717076e658cf67e62ccd41ca247d29c994518945706edefcf0b635aa0,9606d3caf6b2767cfbbd3ab0fd901bca65fe14b9c6aad9892d84cc8927c25c1f,extrasensory-robust-gated-fold0-seed47-full,0.45,0.4500069167985982,29277,0.2782959232782414,0.6484727746312328,0.8423175795926439,325495,mean_normalized_threshold_margin,0.7048613103839689
V3-1,B5,0,47,natural_missingness,fb82651717076e658cf67e62ccd41ca247d29c994518945706edefcf0b635aa0,9606d3caf6b2767cfbbd3ab0fd901bca65fe14b9c6aad9892d84cc8927c25c1f,extrasensory-robust-gated-fold0-seed47-full,0.5,0.5000076853317758,32530,0.2950132923761492,0.6475011517419754,0.8281226533814612,356492,mean_normalized_threshold_margin,0.6878072684404606
V3-1,B5,0,47,natural_missingness,fb82651717076e658cf67e62ccd41ca247d29c994518945706edefcf0b635aa0,9606d3caf6b2767cfbbd3ab0fd901bca65fe14b9c6aad9892d84cc8927c25c1f,extrasensory-robust-gated-fold0-seed47-full,0.55,0.5500084538649533,35783,0.31016758951729706,0.6422191653354745,0.8148236723409751,387167,mean_normalized_threshold_margin,0.6707545233379666
V3-1,B5,0,47,natural_missingness,fb82651717076e658cf67e62ccd41ca247d29c994518945706edefcf0b635aa0,9606d3caf6b2767cfbbd3ab0fd901bca65fe14b9c6aad9892d84cc8927c25c1f,extrasensory-robust-gated-fold0-seed47-full,0.6,0.6000092223981309,39036,0.3221977936662555,0.6387386583611635,0.8034603153423622,417611,mean_normalized_threshold_margin,0.6531814604941274
V3-1,B5,0,47,natural_missingness,fb82651717076e658cf67e62ccd41ca247d29c994518945706edefcf0b635aa0,9606d3caf6b2767cfbbd3ab0fd901bca65fe14b9c6aad9892d84cc8927c25c1f,extrasensory-robust-gated-fold0-seed47-full,0.65,0.6500099909313085,42289,0.33332884952125447,0.6348993666731754,0.7930230140745514,447934,mean_normalized_threshold_margin,0.6346580915875416
V3-1,B5,0,47,natural_missingness,fb82651717076e658cf67e62ccd41ca247d29c994518945706edefcf0b635aa0,9606d3caf6b2767cfbbd3ab0fd901bca65fe14b9c6aad9892d84cc8927c25c1f,extrasensory-robust-gated-fold0-seed47-full,0.7,0.7000107594644861,45542,0.34346924021031205,0.6288542155119493,0.7827178004473296,478831,mean_normalized_threshold_margin,0.6151443696745031
V3-1,B5,0,47,natural_missingness,fb82651717076e658cf67e62ccd41ca247d29c994518945706edefcf0b635aa0,9606d3caf6b2767cfbbd3ab0fd901bca65fe14b9c6aad9892d84cc8927c25c1f,extrasensory-robust-gated-fold0-seed47-full,0.75,0.7500115279976637,48795,0.35334749055818204,0.6218273537522248,0.7729679455726516,510325,mean_normalized_threshold_margin,0.5932464748992101
V3-1,B5,0,47,natural_missingness,fb82651717076e658cf67e62ccd41ca247d29c994518945706edefcf0b635aa0,9606d3caf6b2767cfbbd3ab0fd901bca65fe14b9c6aad9892d84cc8927c25c1f,extrasensory-robust-gated-fold0-seed47-full,0.8,0.8000122965308413,52048,0.3632832294223889,0.6157618893163571,0.7634634417167547,542359,mean_normalized_threshold_margin,0.5683451161428168
V3-1,B5,0,47,natural_missingness,fb82651717076e658cf67e62ccd41ca247d29c994518945706edefcf0b635aa0,9606d3caf6b2767cfbbd3ab0fd901bca65fe14b9c6aad9892d84cc8927c25c1f,extrasensory-robust-gated-fold0-seed47-full,0.85,0.8500130650640189,55301,0.3733018966569727,0.6073458014291747,0.7535793946695756,574962,mean_normalized_threshold_margin,0.5400042227433001
V3-1,B5,0,47,natural_missingness,fb82651717076e658cf67e62ccd41ca247d29c994518945706edefcf0b635aa0,9606d3caf6b2767cfbbd3ab0fd901bca65fe14b9c6aad9892d84cc8927c25c1f,extrasensory-robust-gated-fold0-seed47-full,0.9,0.9000138335971964,58554,0.3835868154014597,0.600212416785235,0.7437799817988308,607734,mean_normalized_threshold_margin,0.5026554272500614
V3-1,B5,0,47,natural_missingness,fb82651717076e658cf67e62ccd41ca247d29c994518945706edefcf0b635aa0,9606d3caf6b2767cfbbd3ab0fd901bca65fe14b9c6aad9892d84cc8927c25c1f,extrasensory-robust-gated-fold0-seed47-full,0.95,0.9500146021303739,61807,0.3941393160061579,0.5919392326041837,0.7335666896117401,641153,mean_normalized_threshold_margin,0.45310348540760786
V3-1,B5,0,47,natural_missingness,fb82651717076e658cf67e62ccd41ca247d29c994518945706edefcf0b635aa0,9606d3caf6b2767cfbbd3ab0fd901bca65fe14b9c6aad9892d84cc8927c25c1f,extrasensory-robust-gated-fold0-seed47-full,1.0,1.0,65059,0.4064864670512113,0.5801188166319075,0.72276005095513,673892,mean_normalized_threshold_margin,0.22634576951791127
V3-1,P,0,47,natural_missingness,fb82651717076e658cf67e62ccd41ca247d29c994518945706edefcf0b635aa0,b8202ffe1c24425ea7ffd596ab96900e6563767adb99193edea3e10dfd84da32,extrasensory-quality-aware-fold0-seed47-full,0.05,0.05000076853317758,3253,0.10248278191752441,0.47073586876532436,0.9457243584487989,43267,mean_binary_certainty,0.9369297457796094
V3-1,P,0,47,natural_missingness,fb82651717076e658cf67e62ccd41ca247d29c994518945706edefcf0b635aa0,b8202ffe1c24425ea7ffd596ab96900e6563767adb99193edea3e10dfd84da32,extrasensory-quality-aware-fold0-seed47-full,0.1,0.10000153706635516,6506,0.13723656196441625,0.4660351550472426,0.9348284851243431,85225,mean_binary_certainty,0.9116110829800423
V3-1,P,0,47,natural_missingness,fb82651717076e658cf67e62ccd41ca247d29c994518945706edefcf0b635aa0,b8202ffe1c24425ea7ffd596ab96900e6563767adb99193edea3e10dfd84da32,extrasensory-quality-aware-fold0-seed47-full,0.15,0.15000230559953273,9759,0.1632334426061827,0.4520519596649386,0.9267880165804833,125725,mean_binary_certainty,0.8309323696925822
V3-1,P,0,47,natural_missingness,fb82651717076e658cf67e62ccd41ca247d29c994518945706edefcf0b635aa0,b8202ffe1c24425ea7ffd596ab96900e6563767adb99193edea3e10dfd84da32,extrasensory-quality-aware-fold0-seed47-full,0.2,0.20000307413271032,13012,0.18199951769735756,0.5961324070721022,0.9153350154191197,163005,mean_binary_certainty,0.722742268056637
V3-1,P,0,47,natural_missingness,fb82651717076e658cf67e62ccd41ca247d29c994518945706edefcf0b635aa0,b8202ffe1c24425ea7ffd596ab96900e6563767adb99193edea3e10dfd84da32,extrasensory-quality-aware-fold0-seed47-full,0.25,0.2500038426658879,16265,0.20542599058838285,0.6065524694011787,0.8958593368426765,197396,mean_binary_certainty,0.6512500048589094
V3-1,P,0,47,natural_missingness,fb82651717076e658cf67e62ccd41ca247d29c994518945706edefcf0b635aa0,b8202ffe1c24425ea7ffd596ab96900e6563767adb99193edea3e10dfd84da32,extrasensory-quality-aware-fold0-seed47-full,0.3,0.30000461119906546,19518,0.23100730904586878,0.630366085090914,0.8754573302100389,230512,mean_binary_certainty,0.60514229923914
V3-1,P,0,47,natural_missingness,fb82651717076e658cf67e62ccd41ca247d29c994518945706edefcf0b635aa0,b8202ffe1c24425ea7ffd596ab96900e6563767adb99193edea3e10dfd84da32,extrasensory-quality-aware-fold0-seed47-full,0.35,0.35000537973224305,22771,0.25363410730143515,0.6445004104720641,0.8561132133006223,262997,mean_binary_certainty,0.5693643071839398
V3-1,P,0,47,natural_missingness,fb82651717076e658cf67e62ccd41ca247d29c994518945706edefcf0b635aa0,b8202ffe1c24425ea7ffd596ab96900e6563767adb99193edea3e10dfd84da32,extrasensory-quality-aware-fold0-seed47-full,0.4,0.40000614826542064,26024,0.2723490419596446,0.6405265426564662,0.8384589598102876,295131,mean_binary_certainty,0.5410082514979104
V3-1,P,0,47,natural_missingness,fb82651717076e658cf67e62ccd41ca247d29c994518945706edefcf0b635aa0,b8202ffe1c24425ea7ffd596ab96900e6563767adb99193edea3e10dfd84da32,extrasensory-quality-aware-fold0-seed47-full,0.45,0.4500069167985982,29277,0.29151855808944016,0.6382940081295815,0.8220328432870448,325500,mean_binary_certainty,0.5144819486731029
V3-1,P,0,47,natural_missingness,fb82651717076e658cf67e62ccd41ca247d29c994518945706edefcf0b635aa0,b8202ffe1c24425ea7ffd596ab96900e6563767adb99193edea3e10dfd84da32,extrasensory-quality-aware-fold0-seed47-full,0.5,0.5000076853317758,32530,0.30967239898068444,0.6359404968971593,0.8080595396931287,354947,mean_binary_certainty,0.49031088336094053
V3-1,P,0,47,natural_missingness,fb82651717076e658cf67e62ccd41ca247d29c994518945706edefcf0b635aa0,b8202ffe1c24425ea7ffd596ab96900e6563767adb99193edea3e10dfd84da32,extrasensory-quality-aware-fold0-seed47-full,0.55,0.5500084538649533,35783,0.32429493715288643,0.6300750666844673,0.794912835544585,385509,mean_binary_certainty,0.4671028280476256
V3-1,P,0,47,natural_missingness,fb82651717076e658cf67e62ccd41ca247d29c994518945706edefcf0b635aa0,b8202ffe1c24425ea7ffd596ab96900e6563767adb99193edea3e10dfd84da32,extrasensory-quality-aware-fold0-seed47-full,0.6,0.6000092223981309,39036,0.33841159031002,0.6243039899036247,0.7831730295180129,416254,mean_binary_certainty,0.44290987059989784
V3-1,P,0,47,natural_missingness,fb82651717076e658cf67e62ccd41ca247d29c994518945706edefcf0b635aa0,b8202ffe1c24425ea7ffd596ab96900e6563767adb99193edea3e10dfd84da32,extrasensory-quality-aware-fold0-seed47-full,0.65,0.6500099909313085,42289,0.35103131658418646,0.6186928757121017,0.7714581092336733,447368,mean_binary_certainty,0.41896238781471973
V3-1,P,0,47,natural_missingness,fb82651717076e658cf67e62ccd41ca247d29c994518945706edefcf0b635aa0,b8202ffe1c24425ea7ffd596ab96900e6563767adb99193edea3e10dfd84da32,extrasensory-quality-aware-fold0-seed47-full,0.7,0.7000107594644861,45542,0.3617505376938392,0.614497250874707,0.7614046628918701,479160,mean_binary_certainty,0.3932268361837513
V3-1,P,0,47,natural_missingness,fb82651717076e658cf67e62ccd41ca247d29c994518945706edefcf0b635aa0,b8202ffe1c24425ea7ffd596ab96900e6563767adb99193edea3e10dfd84da32,extrasensory-quality-aware-fold0-seed47-full,0.75,0.7500115279976637,48795,0.37213915156660177,0.608393531687859,0.7508683969667675,511184,mean_binary_certainty,0.3638022805960871
V3-1,P,0,47,natural_missingness,fb82651717076e658cf67e62ccd41ca247d29c994518945706edefcf0b635aa0,b8202ffe1c24425ea7ffd596ab96900e6563767adb99193edea3e10dfd84da32,extrasensory-quality-aware-fold0-seed47-full,0.8,0.8000122965308413,52048,0.38290891090835394,0.6018452022283828,0.7406869156614833,543365,mean_binary_certainty,0.32977377518435724
V3-1,P,0,47,natural_missingness,fb82651717076e658cf67e62ccd41ca247d29c994518945706edefcf0b635aa0,b8202ffe1c24425ea7ffd596ab96900e6563767adb99193edea3e10dfd84da32,extrasensory-quality-aware-fold0-seed47-full,0.85,0.8500130650640189,55301,0.39276281854547923,0.5950238994168281,0.731158700708182,575692,mean_binary_certainty,0.2940632011598263
V3-1,P,0,47,natural_missingness,fb82651717076e658cf67e62ccd41ca247d29c994518945706edefcf0b635aa0,b8202ffe1c24425ea7ffd596ab96900e6563767adb99193edea3e10dfd84da32,extrasensory-quality-aware-fold0-seed47-full,0.9,0.9000138335971964,58554,0.40339931736377294,0.5873253409805643,0.7220056949085542,608365,mean_binary_certainty,0.25022047291491556
V3-1,P,0,47,natural_missingness,fb82651717076e658cf67e62ccd41ca247d29c994518945706edefcf0b635aa0,b8202ffe1c24425ea7ffd596ab96900e6563767adb99193edea3e10dfd84da32,extrasensory-quality-aware-fold0-seed47-full,0.95,0.9500146021303739,61807,0.41362667708872686,0.578886258603647,0.7141819672611204,640853,mean_binary_certainty,0.19583389406612128
V3-1,P,0,47,natural_missingness,fb82651717076e658cf67e62ccd41ca247d29c994518945706edefcf0b635aa0,b8202ffe1c24425ea7ffd596ab96900e6563767adb99193edea3e10dfd84da32,extrasensory-quality-aware-fold0-seed47-full,1.0,1.0,65059,0.42439726350140766,0.5732527208852068,0.7084585063564317,673892,mean_binary_certainty,0.025055652143226692
V3-1,P,0,47,natural_missingness,fb82651717076e658cf67e62ccd41ca247d29c994518945706edefcf0b635aa0,b8202ffe1c24425ea7ffd596ab96900e6563767adb99193edea3e10dfd84da32,extrasensory-quality-aware-fold0-seed47-full,0.05,0.05000076853317758,3253,0.09404083060556394,0.4765817287363637,0.9540405666452029,42671,mean_normalized_threshold_margin,0.9798308389975677
V3-1,P,0,47,natural_missingness,fb82651717076e658cf67e62ccd41ca247d29c994518945706edefcf0b635aa0,b8202ffe1c24425ea7ffd596ab96900e6563767adb99193edea3e10dfd84da32,extrasensory-quality-aware-fold0-seed47-full,0.1,0.10000153706635516,6506,0.12641309980679125,0.4195871796712992,0.9424636322888228,83979,mean_normalized_threshold_margin,0.9608294894251377
V3-1,P,0,47,natural_missingness,fb82651717076e658cf67e62ccd41ca247d29c994518945706edefcf0b635aa0,b8202ffe1c24425ea7ffd596ab96900e6563767adb99193edea3e10dfd84da32,extrasensory-quality-aware-fold0-seed47-full,0.15,0.15000230559953273,9759,0.161604116713854,0.442096876658953,0.9284393031666712,125385,mean_normalized_threshold_margin,0.9328536481126519
V3-1,P,0,47,natural_missingness,fb82651717076e658cf67e62ccd41ca247d29c994518945706edefcf0b635aa0,b8202ffe1c24425ea7ffd596ab96900e6563767adb99193edea3e10dfd84da32,extrasensory-quality-aware-fold0-seed47-full,0.2,0.20000307413271032,13012,0.18543305981771527,0.5859880547575383,0.9157285369448658,163564,mean_normalized_threshold_margin,0.8685024061859055
V3-1,P,0,47,natural_missingness,fb82651717076e658cf67e62ccd41ca247d29c994518945706edefcf0b635aa0,b8202ffe1c24425ea7ffd596ab96900e6563767adb99193edea3e10dfd84da32,extrasensory-quality-aware-fold0-seed47-full,0.25,0.2500038426658879,16265,0.20745840005195035,0.6183169001818776,0.8981734954898353,197995,mean_normalized_threshold_margin,0.817817374740473
V3-1,P,0,47,natural_missingness,fb82651717076e658cf67e62ccd41ca247d29c994518945706edefcf0b635aa0,b8202ffe1c24425ea7ffd596ab96900e6563767adb99193edea3e10dfd84da32,extrasensory-quality-aware-fold0-seed47-full,0.3,0.30000461119906546,19518,0.22919595456587694,0.636145484545023,0.879479487279386,231231,mean_normalized_threshold_margin,0.7832018351619223
V3-1,P,0,47,natural_missingness,fb82651717076e658cf67e62ccd41ca247d29c994518945706edefcf0b635aa0,b8202ffe1c24425ea7ffd596ab96900e6563767adb99193edea3e10dfd84da32,extrasensory-quality-aware-fold0-seed47-full,0.35,0.35000537973224305,22771,0.2518259443347666,0.6358500221815091,0.8606412226364131,263708,mean_normalized_threshold_margin,0.754605861816232
V3-1,P,0,47,natural_missingness,fb82651717076e658cf67e62ccd41ca247d29c994518945706edefcf0b635aa0,b8202ffe1c24425ea7ffd596ab96900e6563767adb99193edea3e10dfd84da32,extrasensory-quality-aware-fold0-seed47-full,0.4,0.40000614826542064,26024,0.27234117472255004,0.6362606404012451,0.8430832802380319,295734,mean_normalized_threshold_margin,0.731499698127745
V3-1,P,0,47,natural_missingness,fb82651717076e658cf67e62ccd41ca247d29c994518945706edefcf0b635aa0,b8202ffe1c24425ea7ffd596ab96900e6563767adb99193edea3e10dfd84da32,extrasensory-quality-aware-fold0-seed47-full,0.45,0.4500069167985982,29277,0.2903945084620081,0.6306282020539764,0.8271100433347554,326954,mean_normalized_threshold_margin,0.7105048909739993
V3-1,P,0,47,natural_missingness,fb82651717076e658cf67e62ccd41ca247d29c994518945706edefcf0b635aa0,b8202ffe1c24425ea7ffd596ab96900e6563767adb99193edea3e10dfd84da32,extrasensory-quality-aware-fold0-seed47-full,0.5,0.5000076853317758,32530,0.30773187200684704,0.6299653667708152,0.8131776523318702,357752,mean_normalized_threshold_margin,0.6920724279295537
V3-1,P,0,47,natural_missingness,fb82651717076e658cf67e62ccd41ca247d29c994518945706edefcf0b635aa0,b8202ffe1c24425ea7ffd596ab96900e6563767adb99193edea3e10dfd84da32,extrasensory-quality-aware-fold0-seed47-full,0.55,0.5500084538649533,35783,0.3230317187720225,0.6256475871960284,0.7995524875029755,387883,mean_normalized_threshold_margin,0.673948542571283
V3-1,P,0,47,natural_missingness,fb82651717076e658cf67e62ccd41ca247d29c994518945706edefcf0b635aa0,b8202ffe1c24425ea7ffd596ab96900e6563767adb99193edea3e10dfd84da32,extrasensory-quality-aware-fold0-seed47-full,0.6,0.6000092223981309,39036,0.3366289384403904,0.6222340506412889,0.7877776794406585,418219,mean_normalized_threshold_margin,0.6550367019978661
V3-1,P,0,47,natural_missingness,fb82651717076e658cf67e62ccd41ca247d29c994518945706edefcf0b635aa0,b8202ffe1c24425ea7ffd596ab96900e6563767adb99193edea3e10dfd84da32,extrasensory-quality-aware-fold0-seed47-full,0.65,0.6500099909313085,42289,0.34836060835606947,0.6169461615373915,0.7765920541835302,448721,mean_normalized_threshold_margin,0.63594293075667
V3-1,P,0,47,natural_missingness,fb82651717076e658cf67e62ccd41ca247d29c994518945706edefcf0b635aa0,b8202ffe1c24425ea7ffd596ab96900e6563767adb99193edea3e10dfd84da32,extrasensory-quality-aware-fold0-seed47-full,0.7,0.7000107594644861,45542,0.35889607052592987,0.6128604190285779,0.7661453058195004,479875,mean_normalized_threshold_margin,0.6153162620159629
V3-1,P,0,47,natural_missingness,fb82651717076e658cf67e62ccd41ca247d29c994518945706edefcf0b635aa0,b8202ffe1c24425ea7ffd596ab96900e6563767adb99193edea3e10dfd84da32,extrasensory-quality-aware-fold0-seed47-full,0.75,0.7500115279976637,48795,0.3690459758817057,0.6081975882916215,0.7568624173875762,511397,mean_normalized_threshold_margin,0.5919195125059749
V3-1,P,0,47,natural_missingness,fb82651717076e658cf67e62ccd41ca247d29c994518945706edefcf0b635aa0,b8202ffe1c24425ea7ffd596ab96900e6563767adb99193edea3e10dfd84da32,extrasensory-quality-aware-fold0-seed47-full,0.8,0.8000122965308413,52048,0.37943128396089926,0.6046729673495186,0.7475513211556256,543030,mean_normalized_threshold_margin,0.5650093777767062
V3-1,P,0,47,natural_missingness,fb82651717076e658cf67e62ccd41ca247d29c994518945706edefcf0b635aa0,b8202ffe1c24425ea7ffd596ab96900e6563767adb99193edea3e10dfd84da32,extrasensory-quality-aware-fold0-seed47-full,0.85,0.8500130650640189,55301,0.3897235536989488,0.5972830727392079,0.7376728267422038,575152,mean_normalized_threshold_margin,0.5333309159147642
V3-1,P,0,47,natural_missingness,fb82651717076e658cf67e62ccd41ca247d29c994518945706edefcf0b635aa0,b8202ffe1c24425ea7ffd596ab96900e6563767adb99193edea3e10dfd84da32,extrasensory-quality-aware-fold0-seed47-full,0.9,0.9000138335971964,58554,0.40009586962507665,0.590787830058489,0.728194445724609,607805,mean_normalized_threshold_margin,0.49485820324245383
V3-1,P,0,47,natural_missingness,fb82651717076e658cf67e62ccd41ca247d29c994518945706edefcf0b635aa0,b8202ffe1c24425ea7ffd596ab96900e6563767adb99193edea3e10dfd84da32,extrasensory-quality-aware-fold0-seed47-full,0.95,0.9500146021303739,61807,0.4111467814565304,0.5823154789011018,0.7180668172769887,640946,mean_normalized_threshold_margin,0.44230857241711163
V3-1,P,0,47,natural_missingness,fb82651717076e658cf67e62ccd41ca247d29c994518945706edefcf0b635aa0,b8202ffe1c24425ea7ffd596ab96900e6563767adb99193edea3e10dfd84da32,extrasensory-quality-aware-fold0-seed47-full,1.0,1.0,65059,0.4243972635014076,0.5732527208852068,0.7084585063564317,673892,mean_normalized_threshold_margin,0.20664355918338373
V3-1,P2,0,47,natural_missingness,fb82651717076e658cf67e62ccd41ca247d29c994518945706edefcf0b635aa0,4713ca0d554d4ba66875cada7f2b9ad8e1a37c83062a6da42fc3f5f33ec0cd2f,extrasensory-p2-fold0-seed47-v2_multiseed,0.05,0.05000076853317758,3253,0.1283918734192015,0.4669467027436116,0.9383417768441863,41069,mean_binary_certainty,0.9396212001801604
V3-1,P2,0,47,natural_missingness,fb82651717076e658cf67e62ccd41ca247d29c994518945706edefcf0b635aa0,4713ca0d554d4ba66875cada7f2b9ad8e1a37c83062a6da42fc3f5f33ec0cd2f,extrasensory-p2-fold0-seed47-v2_multiseed,0.1,0.10000153706635516,6506,0.15564231107868,0.4159587708796797,0.9362255428052506,83718,mean_binary_certainty,0.908600545950944
V3-1,P2,0,47,natural_missingness,fb82651717076e658cf67e62ccd41ca247d29c994518945706edefcf0b635aa0,4713ca0d554d4ba66875cada7f2b9ad8e1a37c83062a6da42fc3f5f33ec0cd2f,extrasensory-p2-fold0-seed47-v2_multiseed,0.15,0.15000230559953273,9759,0.16947305063965268,0.508142137645459,0.930203572912339,125134,mean_binary_certainty,0.8314947200436541
V3-1,P2,0,47,natural_missingness,fb82651717076e658cf67e62ccd41ca247d29c994518945706edefcf0b635aa0,4713ca0d554d4ba66875cada7f2b9ad8e1a37c83062a6da42fc3f5f33ec0cd2f,extrasensory-p2-fold0-seed47-v2_multiseed,0.2,0.20000307413271032,13012,0.18474896550664802,0.5764495276606137,0.9221146431325508,162624,mean_binary_certainty,0.7210056529260597
V3-1,P2,0,47,natural_missingness,fb82651717076e658cf67e62ccd41ca247d29c994518945706edefcf0b635aa0,4713ca0d554d4ba66875cada7f2b9ad8e1a37c83062a6da42fc3f5f33ec0cd2f,extrasensory-p2-fold0-seed47-v2_multiseed,0.25,0.2500038426658879,16265,0.20182507563803012,0.6402716473082435,0.9083903648219,197175,mean_binary_certainty,0.6481237864985328
V3-1,P2,0,47,natural_missingness,fb82651717076e658cf67e62ccd41ca247d29c994518945706edefcf0b635aa0,4713ca0d554d4ba66875cada7f2b9ad8e1a37c83062a6da42fc3f5f33ec0cd2f,extrasensory-p2-fold0-seed47-v2_multiseed,0.3,0.30000461119906546,19518,0.22192712607835338,0.6685649194056397,0.8901026975642444,230433,mean_binary_certainty,0.6028354217315954
V3-1,P2,0,47,natural_missingness,fb82651717076e658cf67e62ccd41ca247d29c994518945706edefcf0b635aa0,4713ca0d554d4ba66875cada7f2b9ad8e1a37c83062a6da42fc3f5f33ec0cd2f,extrasensory-p2-fold0-seed47-v2_multiseed,0.35,0.35000537973224305,22771,0.2418955538190431,0.6588835213469306,0.8727878553257383,262220,mean_binary_certainty,0.5682146325590403
V3-1,P2,0,47,natural_missingness,fb82651717076e658cf67e62ccd41ca247d29c994518945706edefcf0b635aa0,4713ca0d554d4ba66875cada7f2b9ad8e1a37c83062a6da42fc3f5f33ec0cd2f,extrasensory-p2-fold0-seed47-v2_multiseed,0.4,0.40000614826542064,26024,0.26160281968753946,0.6571673422404546,0.8543800338072984,293920,mean_binary_certainty,0.5411690550017887
V3-1,P2,0,47,natural_missingness,fb82651717076e658cf67e62ccd41ca247d29c994518945706edefcf0b635aa0,4713ca0d554d4ba66875cada7f2b9ad8e1a37c83062a6da42fc3f5f33ec0cd2f,extrasensory-p2-fold0-seed47-v2_multiseed,0.45,0.4500069167985982,29277,0.28194263663788394,0.6472890448204819,0.8366694625167185,324499,mean_binary_certainty,0.5168883862784375
V3-1,P2,0,47,natural_missingness,fb82651717076e658cf67e62ccd41ca247d29c994518945706edefcf0b635aa0,4713ca0d554d4ba66875cada7f2b9ad8e1a37c83062a6da42fc3f5f33ec0cd2f,extrasensory-p2-fold0-seed47-v2_multiseed,0.5,0.5000076853317758,32530,0.2987835126881096,0.6432098854252924,0.8219467846220374,355139,mean_binary_certainty,0.49305446394183194
V3-1,P2,0,47,natural_missingness,fb82651717076e658cf67e62ccd41ca247d29c994518945706edefcf0b635aa0,4713ca0d554d4ba66875cada7f2b9ad8e1a37c83062a6da42fc3f5f33ec0cd2f,extrasensory-p2-fold0-seed47-v2_multiseed,0.55,0.5500084538649533,35783,0.3155145586300903,0.6389675133799683,0.8082473630699696,385778,mean_binary_certainty,0.4699313628138644
V3-1,P2,0,47,natural_missingness,fb82651717076e658cf67e62ccd41ca247d29c994518945706edefcf0b635aa0,4713ca0d554d4ba66875cada7f2b9ad8e1a37c83062a6da42fc3f5f33ec0cd2f,extrasensory-p2-fold0-seed47-v2_multiseed,0.6,0.6000092223981309,39036,0.33039394580704223,0.6313885344823102,0.7961744027548605,416204,mean_binary_certainty,0.44659380739685217
V3-1,P2,0,47,natural_missingness,fb82651717076e658cf67e62ccd41ca247d29c994518945706edefcf0b635aa0,4713ca0d554d4ba66875cada7f2b9ad8e1a37c83062a6da42fc3f5f33ec0cd2f,extrasensory-p2-fold0-seed47-v2_multiseed,0.65,0.6500099909313085,42289,0.3429697816266423,0.625201667646875,0.7847555229818867,447244,mean_binary_certainty,0.42194605515410244
V3-1,P2,0,47,natural_missingness,fb82651717076e658cf67e62ccd41ca247d29c994518945706edefcf0b635aa0,4713ca0d554d4ba66875cada7f2b9ad8e1a37c83062a6da42fc3f5f33ec0cd2f,extrasensory-p2-fold0-seed47-v2_multiseed,0.7,0.7000107594644861,45542,0.35395189770544894,0.6201257463208539,0.7745895855872806,478954,mean_binary_certainty,0.39634121403177913
V3-1,P2,0,47,natural_missingness,fb82651717076e658cf67e62ccd41ca247d29c994518945706edefcf0b635aa0,4713ca0d554d4ba66875cada7f2b9ad8e1a37c83062a6da42fc3f5f33ec0cd2f,extrasensory-p2-fold0-seed47-v2_multiseed,0.75,0.7500115279976637,48795,0.36462509722958697,0.613129794970111,0.7641819172273671,510795,mean_binary_certainty,0.3686606962899518
V3-1,P2,0,47,natural_missingness,fb82651717076e658cf67e62ccd41ca247d29c994518945706edefcf0b635aa0,4713ca0d554d4ba66875cada7f2b9ad8e1a37c83062a6da42fc3f5f33ec0cd2f,extrasensory-p2-fold0-seed47-v2_multiseed,0.8,0.8000122965308413,52048,0.3751683586447783,0.6054973751355324,0.7538499889208952,543171,mean_binary_certainty,0.3379506711772573
V3-1,P2,0,47,natural_missingness,fb82651717076e658cf67e62ccd41ca247d29c994518945706edefcf0b635aa0,4713ca0d554d4ba66875cada7f2b9ad8e1a37c83062a6da42fc3f5f33ec0cd2f,extrasensory-p2-fold0-seed47-v2_multiseed,0.85,0.8500130650640189,55301,0.38573761854852995,0.596983995328,0.7438657021688133,575466,mean_binary_certainty,0.3031094636040442
V3-1,P2,0,47,natural_missingness,fb82651717076e658cf67e62ccd41ca247d29c994518945706edefcf0b635aa0,4713ca0d554d4ba66875cada7f2b9ad8e1a37c83062a6da42fc3f5f33ec0cd2f,extrasensory-p2-fold0-seed47-v2_multiseed,0.9,0.9000138335971964,58554,0.39619524607592593,0.5881490238451433,0.7341747926447937,608051,mean_binary_certainty,0.26272111656532715
V3-1,P2,0,47,natural_missingness,fb82651717076e658cf67e62ccd41ca247d29c994518945706edefcf0b635aa0,4713ca0d554d4ba66875cada7f2b9ad8e1a37c83062a6da42fc3f5f33ec0cd2f,extrasensory-p2-fold0-seed47-v2_multiseed,0.95,0.9500146021303739,61807,0.40685702672098156,0.5789186747097698,0.7246799811659009,640596,mean_binary_certainty,0.21011527266714813
V3-1,P2,0,47,natural_missingness,fb82651717076e658cf67e62ccd41ca247d29c994518945706edefcf0b635aa0,4713ca0d554d4ba66875cada7f2b9ad8e1a37c83062a6da42fc3f5f33ec0cd2f,extrasensory-p2-fold0-seed47-v2_multiseed,1.0,1.0,65059,0.41810733557708624,0.5716197763884875,0.7167951290389538,673892,mean_binary_certainty,0.026831075108810665
V3-1,P2,0,47,natural_missingness,fb82651717076e658cf67e62ccd41ca247d29c994518945706edefcf0b635aa0,4713ca0d554d4ba66875cada7f2b9ad8e1a37c83062a6da42fc3f5f33ec0cd2f,extrasensory-p2-fold0-seed47-v2_multiseed,0.05,0.05000076853317758,3253,0.13623559612593925,0.4169944448106526,0.9396851359640155,40642,mean_normalized_threshold_margin,0.9829150623870295
V3-1,P2,0,47,natural_missingness,fb82651717076e658cf67e62ccd41ca247d29c994518945706edefcf0b635aa0,4713ca0d554d4ba66875cada7f2b9ad8e1a37c83062a6da42fc3f5f33ec0cd2f,extrasensory-p2-fold0-seed47-v2_multiseed,0.1,0.10000153706635516,6506,0.14452864154483722,0.42007488597778453,0.9422524596174607,82691,mean_normalized_threshold_margin,0.9619841836330248
V3-1,P2,0,47,natural_missingness,fb82651717076e658cf67e62ccd41ca247d29c994518945706edefcf0b635aa0,4713ca0d554d4ba66875cada7f2b9ad8e1a37c83062a6da42fc3f5f33ec0cd2f,extrasensory-p2-fold0-seed47-v2_multiseed,0.15,0.15000230559953273,9759,0.1663868924785674,0.48171140237383264,0.9329806725351628,124547,mean_normalized_threshold_margin,0.934627510276097
V3-1,P2,0,47,natural_missingness,fb82651717076e658cf67e62ccd41ca247d29c994518945706edefcf0b635aa0,4713ca0d554d4ba66875cada7f2b9ad8e1a37c83062a6da42fc3f5f33ec0cd2f,extrasensory-p2-fold0-seed47-v2_multiseed,0.2,0.20000307413271032,13012,0.18675557301774037,0.5526127356404037,0.9220554333853884,163562,mean_normalized_threshold_margin,0.8773270655908535
V3-1,P2,0,47,natural_missingness,fb82651717076e658cf67e62ccd41ca247d29c994518945706edefcf0b635aa0,4713ca0d554d4ba66875cada7f2b9ad8e1a37c83062a6da42fc3f5f33ec0cd2f,extrasensory-p2-fold0-seed47-v2_multiseed,0.25,0.2500038426658879,16265,0.20130178116484476,0.6168845111508332,0.9102949280901673,198392,mean_normalized_threshold_margin,0.8200165742905927
V3-1,P2,0,47,natural_missingness,fb82651717076e658cf67e62ccd41ca247d29c994518945706edefcf0b635aa0,4713ca0d554d4ba66875cada7f2b9ad8e1a37c83062a6da42fc3f5f33ec0cd2f,extrasensory-p2-fold0-seed47-v2_multiseed,0.3,0.30000461119906546,19518,0.22025198516663583,0.6591919524987984,0.8941205625425934,231220,mean_normalized_threshold_margin,0.7820533681748706
V3-1,P2,0,47,natural_missingness,fb82651717076e658cf67e62ccd41ca247d29c994518945706edefcf0b635aa0,4713ca0d554d4ba66875cada7f2b9ad8e1a37c83062a6da42fc3f5f33ec0cd2f,extrasensory-p2-fold0-seed47-v2_multiseed,0.35,0.35000537973224305,22771,0.23903991476032874,0.674175112351379,0.8776319048798613,263060,mean_normalized_threshold_margin,0.7540865211506997
V3-1,P2,0,47,natural_missingness,fb82651717076e658cf67e62ccd41ca247d29c994518945706edefcf0b635aa0,4713ca0d554d4ba66875cada7f2b9ad8e1a37c83062a6da42fc3f5f33ec0cd2f,extrasensory-p2-fold0-seed47-v2_multiseed,0.4,0.40000614826542064,26024,0.25851304092712046,0.6725695824762047,0.8612617968343613,294667,mean_normalized_threshold_margin,0.7305226216022725
V3-1,P2,0,47,natural_missingness,fb82651717076e658cf67e62ccd41ca247d29c994518945706edefcf0b635aa0,4713ca0d554d4ba66875cada7f2b9ad8e1a37c83062a6da42fc3f5f33ec0cd2f,extrasensory-p2-fold0-seed47-v2_multiseed,0.45,0.4500069167985982,29277,0.2785255648063052,0.6618272823919447,0.8443473327678888,326470,mean_normalized_threshold_margin,0.7101938260885192
V3-1,P2,0,47,natural_missingness,fb82651717076e658cf67e62ccd41ca247d29c994518945706edefcf0b635aa0,4713ca0d554d4ba66875cada7f2b9ad8e1a37c83062a6da42fc3f5f33ec0cd2f,extrasensory-p2-fold0-seed47-v2_multiseed,0.5,0.5000076853317758,32530,0.29737639558857926,0.65269461301007,0.8289631003916719,356677,mean_normalized_threshold_margin,0.6915431252590004
V3-1,P2,0,47,natural_missingness,fb82651717076e658cf67e62ccd41ca247d29c994518945706edefcf0b635aa0,4713ca0d554d4ba66875cada7f2b9ad8e1a37c83062a6da42fc3f5f33ec0cd2f,extrasensory-p2-fold0-seed47-v2_multiseed,0.55,0.5500084538649533,35783,0.31443114986198795,0.6440969829545388,0.8147140778499491,387090,mean_normalized_threshold_margin,0.6739595828767811
V3-1,P2,0,47,natural_missingness,fb82651717076e658cf67e62ccd41ca247d29c994518945706edefcf0b635aa0,4713ca0d554d4ba66875cada7f2b9ad8e1a37c83062a6da42fc3f5f33ec0cd2f,extrasensory-p2-fold0-seed47-v2_multiseed,0.6,0.6000092223981309,39036,0.32927257269109,0.6382403507490018,0.8028036433221228,417303,mean_normalized_threshold_margin,0.6566084479525834
V3-1,P2,0,47,natural_missingness,fb82651717076e658cf67e62ccd41ca247d29c994518945706edefcf0b635aa0,4713ca0d554d4ba66875cada7f2b9ad8e1a37c83062a6da42fc3f5f33ec0cd2f,extrasensory-p2-fold0-seed47-v2_multiseed,0.65,0.6500099909313085,42289,0.34090858049331557,0.6311174653164063,0.791989632087698,447746,mean_normalized_threshold_margin,0.6383320251097306
V3-1,P2,0,47,natural_missingness,fb82651717076e658cf67e62ccd41ca247d29c994518945706edefcf0b635aa0,4713ca0d554d4ba66875cada7f2b9ad8e1a37c83062a6da42fc3f5f33ec0cd2f,extrasensory-p2-fold0-seed47-v2_multiseed,0.7,0.7000107594644861,45542,0.35134011943827237,0.6245066787951032,0.7816297189500047,479021,mean_normalized_threshold_margin,0.6182093774509515
V3-1,P2,0,47,natural_missingness,fb82651717076e658cf67e62ccd41ca247d29c994518945706edefcf0b635aa0,4713ca0d554d4ba66875cada7f2b9ad8e1a37c83062a6da42fc3f5f33ec0cd2f,extrasensory-p2-fold0-seed47-v2_multiseed,0.75,0.7500115279976637,48795,0.3616627593596349,0.6164193852017128,0.7709586609734275,510033,mean_normalized_threshold_margin,0.5950269259668912
V3-1,P2,0,47,natural_missingness,fb82651717076e658cf67e62ccd41ca247d29c994518945706edefcf0b635aa0,4713ca0d554d4ba66875cada7f2b9ad8e1a37c83062a6da42fc3f5f33ec0cd2f,extrasensory-p2-fold0-seed47-v2_multiseed,0.8,0.8000122965308413,52048,0.3713167510596438,0.6087612956073875,0.7607827256753789,541704,mean_normalized_threshold_margin,0.5682986395387085
V3-1,P2,0,47,natural_missingness,fb82651717076e658cf67e62ccd41ca247d29c994518945706edefcf0b635aa0,4713ca0d554d4ba66875cada7f2b9ad8e1a37c83062a6da42fc3f5f33ec0cd2f,extrasensory-p2-fold0-seed47-v2_multiseed,0.85,0.8500130650640189,55301,0.38113799365012024,0.6011780416160146,0.7506778583567935,574260,mean_normalized_threshold_margin,0.5368608618802736
V3-1,P2,0,47,natural_missingness,fb82651717076e658cf67e62ccd41ca247d29c994518945706edefcf0b635aa0,4713ca0d554d4ba66875cada7f2b9ad8e1a37c83062a6da42fc3f5f33ec0cd2f,extrasensory-p2-fold0-seed47-v2_multiseed,0.9,0.9000138335971964,58554,0.3921462469756999,0.5915898735300019,0.7397279621726182,607361,mean_normalized_threshold_margin,0.495752189298825
V3-1,P2,0,47,natural_missingness,fb82651717076e658cf67e62ccd41ca247d29c994518945706edefcf0b635aa0,4713ca0d554d4ba66875cada7f2b9ad8e1a37c83062a6da42fc3f5f33ec0cd2f,extrasensory-p2-fold0-seed47-v2_multiseed,0.95,0.9500146021303739,61807,0.40410402312811,0.5825423451439005,0.7286520767210802,640595,mean_normalized_threshold_margin,0.44127332638025185
V3-1,P2,0,47,natural_missingness,fb82651717076e658cf67e62ccd41ca247d29c994518945706edefcf0b635aa0,4713ca0d554d4ba66875cada7f2b9ad8e1a37c83062a6da42fc3f5f33ec0cd2f,extrasensory-p2-fold0-seed47-v2_multiseed,1.0,1.0,65059,0.4181073355770862,0.5716197763884875,0.7167951290389538,673892,mean_normalized_threshold_margin,0.2123741619449605
V3-1,P2,0,47,natural_missingness,fb82651717076e658cf67e62ccd41ca247d29c994518945706edefcf0b635aa0,4713ca0d554d4ba66875cada7f2b9ad8e1a37c83062a6da42fc3f5f33ec0cd2f,extrasensory-p2-fold0-seed47-v2_multiseed,0.05,0.05000076853317758,3253,0.4768268975826918,0.5467316817574984,0.6042272639131278,32767,p2_system_reliability,0.9956885576248169
V3-1,P2,0,47,natural_missingness,fb82651717076e658cf67e62ccd41ca247d29c994518945706edefcf0b635aa0,4713ca0d554d4ba66875cada7f2b9ad8e1a37c83062a6da42fc3f5f33ec0cd2f,extrasensory-p2-fold0-seed47-v2_multiseed,0.1,0.10000153706635516,6506,0.4644613090023653,0.5585424248611104,0.628962939894114,66291,p2_system_reliability,0.9947141408920288
V3-1,P2,0,47,natural_missingness,fb82651717076e658cf67e62ccd41ca247d29c994518945706edefcf0b635aa0,4713ca0d554d4ba66875cada7f2b9ad8e1a37c83062a6da42fc3f5f33ec0cd2f,extrasensory-p2-fold0-seed47-v2_multiseed,0.15,0.15000230559953273,9759,0.44813989419831285,0.5740797668912191,0.6557317295425551,100151,p2_system_reliability,0.9939663410186768
V3-1,P2,0,47,natural_missingness,fb82651717076e658cf67e62ccd41ca247d29c994518945706edefcf0b635aa0,4713ca0d554d4ba66875cada7f2b9ad8e1a37c83062a6da42fc3f5f33ec0cd2f,extrasensory-p2-fold0-seed47-v2_multiseed,0.2,0.20000307413271032,13012,0.43697858606982953,0.580564003942555,0.6742414155311941,134890,p2_system_reliability,0.9933104515075684
V3-1,P2,0,47,natural_missingness,fb82651717076e658cf67e62ccd41ca247d29c994518945706edefcf0b635aa0,4713ca0d554d4ba66875cada7f2b9ad8e1a37c83062a6da42fc3f5f33ec0cd2f,extrasensory-p2-fold0-seed47-v2_multiseed,0.25,0.2500038426658879,16265,0.42726979339459215,0.579501516688193,0.6884160646674874,169903,p2_system_reliability,0.9926761388778687
V3-1,P2,0,47,natural_missingness,fb82651717076e658cf67e62ccd41ca247d29c994518945706edefcf0b635aa0,4713ca0d554d4ba66875cada7f2b9ad8e1a37c83062a6da42fc3f5f33ec0cd2f,extrasensory-p2-fold0-seed47-v2_multiseed,0.3,0.30000461119906546,19518,0.41930546021527476,0.5808941196130634,0.699741246789455,204872,p2_system_reliability,0.9920637607574463
V3-1,P2,0,47,natural_missingness,fb82651717076e658cf67e62ccd41ca247d29c994518945706edefcf0b635aa0,4713ca0d554d4ba66875cada7f2b9ad8e1a37c83062a6da42fc3f5f33ec0cd2f,extrasensory-p2-fold0-seed47-v2_multiseed,0.35,0.35000537973224305,22771,0.41507389838023556,0.5795241236056826,0.7050490462552028,239440,p2_system_reliability,0.9914196133613586
V3-1,P2,0,47,natural_missingness,fb82651717076e658cf67e62ccd41ca247d29c994518945706edefcf0b635aa0,4713ca0d554d4ba66875cada7f2b9ad8e1a37c83062a6da42fc3f5f33ec0cd2f,extrasensory-p2-fold0-seed47-v2_multiseed,0.4,0.40000614826542064,26024,0.4120588754843905,0.5780372810753477,0.7095320892317872,273905,p2_system_reliability,0.9906931519508362
V3-1,P2,0,47,natural_missingness,fb82651717076e658cf67e62ccd41ca247d29c994518945706edefcf0b635aa0,4713ca0d554d4ba66875cada7f2b9ad8e1a37c83062a6da42fc3f5f33ec0cd2f,extrasensory-p2-fold0-seed47-v2_multiseed,0.45,0.4500069167985982,29277,0.41216318242774225,0.5756651947674686,0.7107123232928718,307151,p2_system_reliability,0.9898720383644104
V3-1,P2,0,47,natural_missingness,fb82651717076e658cf67e62ccd41ca247d29c994518945706edefcf0b635aa0,4713ca0d554d4ba66875cada7f2b9ad8e1a37c83062a6da42fc3f5f33ec0cd2f,extrasensory-p2-fold0-seed47-v2_multiseed,0.5,0.5000076853317758,32530,0.412871690390941,0.5766399377836773,0.7114796933963586,340157,p2_system_reliability,0.9889090061187744
V3-1,P2,0,47,natural_missingness,fb82651717076e658cf67e62ccd41ca247d29c994518945706edefcf0b635aa0,4713ca0d554d4ba66875cada7f2b9ad8e1a37c83062a6da42fc3f5f33ec0cd2f,extrasensory-p2-fold0-seed47-v2_multiseed,0.55,0.5500084538649533,35783,0.4142828846294457,0.5755797830945719,0.7119196362655099,372961,p2_system_reliability,0.9878247380256653
V3-1,P2,0,47,natural_missingness,fb82651717076e658cf67e62ccd41ca247d29c994518945706edefcf0b635aa0,4713ca0d554d4ba66875cada7f2b9ad8e1a37c83062a6da42fc3f5f33ec0cd2f,extrasensory-p2-fold0-seed47-v2_multiseed,0.6,0.6000092223981309,39036,0.41650358475035165,0.5744254418978857,0.7115839353758471,405415,p2_system_reliability,0.9864811897277832
V3-1,P2,0,47,natural_missingness,fb82651717076e658cf67e62ccd41ca247d29c994518945706edefcf0b635aa0,4713ca0d554d4ba66875cada7f2b9ad8e1a37c83062a6da42fc3f5f33ec0cd2f,extrasensory-p2-fold0-seed47-v2_multiseed,0.65,0.6500099909313085,42289,0.41812235489983224,0.5737666476985993,0.7117785417043604,437594,p2_system_reliability,0.9848722219467163
V3-1,P2,0,47,natural_missingness,fb82651717076e658cf67e62ccd41ca247d29c994518945706edefcf0b635aa0,4713ca0d554d4ba66875cada7f2b9ad8e1a37c83062a6da42fc3f5f33ec0cd2f,extrasensory-p2-fold0-seed47-v2_multiseed,0.7,0.7000107594644861,45542,0.41908141170467467,0.5727675801479511,0.7119593038136678,470111,p2_system_reliability,0.9829971790313721
V3-1,P2,0,47,natural_missingness,fb82651717076e658cf67e62ccd41ca247d29c994518945706edefcf0b635aa0,4713ca0d554d4ba66875cada7f2b9ad8e1a37c83062a6da42fc3f5f33ec0cd2f,extrasensory-p2-fold0-seed47-v2_multiseed,0.75,0.7500115279976637,48795,0.41978261137875056,0.5727066183136402,0.7115653167449537,502815,p2_system_reliability,0.9806127548217773
V3-1,P2,0,47,natural_missingness,fb82651717076e658cf67e62ccd41ca247d29c994518945706edefcf0b635aa0,4713ca0d554d4ba66875cada7f2b9ad8e1a37c83062a6da42fc3f5f33ec0cd2f,extrasensory-p2-fold0-seed47-v2_multiseed,0.8,0.8000122965308413,52048,0.419793107733506,0.5733749006031575,0.7118701007838746,535604,p2_system_reliability,0.9775732755661011
V3-1,P2,0,47,natural_missingness,fb82651717076e658cf67e62ccd41ca247d29c994518945706edefcf0b635aa0,4713ca0d554d4ba66875cada7f2b9ad8e1a37c83062a6da42fc3f5f33ec0cd2f,extrasensory-p2-fold0-seed47-v2_multiseed,0.85,0.8500130650640189,55301,0.41904293024255335,0.5734864772007026,0.7128422671367688,569463,p2_system_reliability,0.9738026261329651
V3-1,P2,0,47,natural_missingness,fb82651717076e658cf67e62ccd41ca247d29c994518945706edefcf0b635aa0,4713ca0d554d4ba66875cada7f2b9ad8e1a37c83062a6da42fc3f5f33ec0cd2f,extrasensory-p2-fold0-seed47-v2_multiseed,0.9,0.9000138335971964,58554,0.4176185337861211,0.5745028582752746,0.7148735782972983,603672,p2_system_reliability,0.9685654044151306
V3-1,P2,0,47,natural_missingness,fb82651717076e658cf67e62ccd41ca247d29c994518945706edefcf0b635aa0,4713ca0d554d4ba66875cada7f2b9ad8e1a37c83062a6da42fc3f5f33ec0cd2f,extrasensory-p2-fold0-seed47-v2_multiseed,0.95,0.9500146021303739,61807,0.4172111513328521,0.5739443682162044,0.716200425342962,638546,p2_system_reliability,0.9591469168663025
V3-1,P2,0,47,natural_missingness,fb82651717076e658cf67e62ccd41ca247d29c994518945706edefcf0b635aa0,4713ca0d554d4ba66875cada7f2b9ad8e1a37c83062a6da42fc3f5f33ec0cd2f,extrasensory-p2-fold0-seed47-v2_multiseed,1.0,1.0,65059,0.41810733557708624,0.5716197763884875,0.7167951290389538,673892,p2_system_reliability,0.8240059614181519
