selector,feature,unit_count,coefficient_mean,coefficient_std,coefficient_abs_mean,positive_fraction,negative_fraction,sign_agreement
task_confidence_full,availability::audio,15,0.10521012718224075,0.3117538464128931,0.23413728173898035,0.6,0.4,0.6
task_confidence_full,availability::location,15,-0.24818644974620216,0.881254805588275,0.735329713207911,0.4666666666666667,0.5333333333333333,0.5333333333333333
task_confidence_full,availability::phone_acc,15,0.15484749395786465,0.16094009178483418,0.1636042898065853,0.9333333333333333,0.06666666666666667,0.9333333333333333
task_confidence_full,availability::phone_gyro,15,0.1217638522964993,0.9278468308425025,0.5497628053630417,0.6,0.4,0.6
task_confidence_full,availability::phone_state,15,0.0,0.0,0.0,0.0,0.0,0.0
task_confidence_full,availability::watch_acc,15,0.2271302511256863,2.1689235379191443,1.477594612049973,0.6,0.4,0.6
task_confidence_full,fusion_weight::audio,15,-0.00584301798993178,0.1236013802681705,0.09618015764237238,0.4,0.6,0.6
task_confidence_full,fusion_weight::location,15,-0.08686187243270435,0.18109296639337377,0.1598576608070155,0.2,0.8,0.8
task_confidence_full,fusion_weight::phone_acc,15,-0.062309843360024104,0.07801413799549171,0.07519600724441394,0.2,0.8,0.8
task_confidence_full,fusion_weight::phone_gyro,15,0.07629107109895747,0.17409161428397524,0.16895910734380315,0.8,0.2,0.8
task_confidence_full,fusion_weight::phone_state,15,0.08251055065497206,0.08774516054732406,0.09058368197968229,0.8666666666666667,0.13333333333333333,0.8666666666666667
task_confidence_full,fusion_weight::watch_acc,15,-0.0012885689202031295,0.14487015744330442,0.11049495438404318,0.6,0.4,0.6
task_confidence_full,label_certainty::BICYCLING,15,0.15115683772294847,0.27553769629290276,0.22141534896767542,0.6666666666666666,0.3333333333333333,0.6666666666666666
task_confidence_full,label_certainty::COMPUTER_WORK,15,-0.12506042781580123,0.2703931672315359,0.24231534350354095,0.26666666666666666,0.7333333333333333,0.7333333333333333
task_confidence_full,label_certainty::EATING,15,-0.007568612819300378,0.29636829666319753,0.23465396253237092,0.5333333333333333,0.4666666666666667,0.5333333333333333
task_confidence_full,label_certainty::FIX_walking,15,-0.08478198248738504,0.13764035935163152,0.12378151911246649,0.3333333333333333,0.6666666666666666,0.6666666666666666
task_confidence_full,label_certainty::IN_A_CAR,15,-0.020675494057950175,0.13761090265527534,0.1059048827039145,0.4666666666666667,0.5333333333333333,0.5333333333333333
task_confidence_full,label_certainty::LOC_home,15,0.04768446121935883,0.2299207431363609,0.1918028527096653,0.6,0.4,0.6
task_confidence_full,label_certainty::LOC_main_workplace,15,0.11183133256161085,0.30921066842650086,0.26315574046076307,0.6,0.4,0.6
task_confidence_full,label_certainty::LYING_DOWN,15,0.15582206323455733,0.32196499558224306,0.2838378308074734,0.8666666666666667,0.13333333333333333,0.8666666666666667
task_confidence_full,label_certainty::OR_exercise,15,-0.02863026564676014,0.29305584322510586,0.22964769612296623,0.4,0.6,0.6
task_confidence_full,label_certainty::OR_indoors,15,-0.15809636850948222,0.8006539054244531,0.588435928568201,0.5333333333333333,0.4666666666666667,0.5333333333333333
task_confidence_full,label_certainty::OR_outside,15,0.07276835623681294,0.7884706861938073,0.5839782358604106,0.4,0.6,0.6
task_confidence_full,label_certainty::OR_standing,15,0.06524733797961667,0.28355008404847165,0.22959607954799832,0.7333333333333333,0.26666666666666666,0.7333333333333333
task_confidence_full,label_certainty::SITTING,15,-0.20444803894562685,0.2148994101599431,0.23589217334440932,0.13333333333333333,0.8666666666666667,0.8666666666666667
task_confidence_full,label_certainty::SLEEPING,15,0.2558815838335915,0.3451071855203721,0.2875291178909701,0.8666666666666667,0.13333333333333333,0.8666666666666667
task_confidence_full,label_certainty::TALKING,15,-0.16956503819813637,0.5164574242039367,0.47284648229400983,0.4,0.6,0.6
task_confidence_full,label_threshold_margin::BICYCLING,15,-0.101281263963386,0.3248474473513141,0.25450580702873055,0.4666666666666667,0.5333333333333333,0.5333333333333333
task_confidence_full,label_threshold_margin::COMPUTER_WORK,15,-0.039759130441601856,0.2102389572499479,0.17108477937492347,0.4,0.6,0.6
task_confidence_full,label_threshold_margin::EATING,15,-0.2100556366311254,0.25775880993208206,0.2639928339622982,0.2,0.8,0.8
task_confidence_full,label_threshold_margin::FIX_walking,15,0.024781431909810317,0.12707390194482396,0.0966000778828695,0.6666666666666666,0.3333333333333333,0.6666666666666666
task_confidence_full,label_threshold_margin::IN_A_CAR,15,0.04280319820615248,0.08546415543204902,0.08061716143947255,0.7333333333333333,0.26666666666666666,0.7333333333333333
task_confidence_full,label_threshold_margin::LOC_home,15,-0.23947752919039947,0.2349166342684948,0.2913468004524101,0.13333333333333333,0.8666666666666667,0.8666666666666667
task_confidence_full,label_threshold_margin::LOC_main_workplace,15,-0.2449391087683092,0.2736262342418636,0.3012243361241779,0.26666666666666666,0.7333333333333333,0.7333333333333333
task_confidence_full,label_threshold_margin::LYING_DOWN,15,-0.26550942850864295,0.19718594715158805,0.2731172955721135,0.06666666666666667,0.9333333333333333,0.9333333333333333
task_confidence_full,label_threshold_margin::OR_exercise,15,-0.07862954586563246,0.187182323186849,0.17306283035603037,0.3333333333333333,0.6666666666666666,0.6666666666666666
task_confidence_full,label_threshold_margin::OR_indoors,15,0.16804400543963274,0.20400534868272088,0.19044211471577654,0.8666666666666667,0.13333333333333333,0.8666666666666667
task_confidence_full,label_threshold_margin::OR_outside,15,0.0006028583045929645,0.18120802881999215,0.14034269068274285,0.4666666666666667,0.5333333333333333,0.5333333333333333
task_confidence_full,label_threshold_margin::OR_standing,15,-0.18755121536090105,0.23875025860640067,0.2669331355779337,0.2,0.8,0.8
task_confidence_full,label_threshold_margin::SITTING,15,-0.0323668484283371,0.13243137780758915,0.09930045158041352,0.3333333333333333,0.6666666666666666,0.6666666666666666
task_confidence_full,label_threshold_margin::SLEEPING,15,-0.24569380742203284,0.16801467855614027,0.24569380742203284,0.0,1.0,1.0
task_confidence_full,label_threshold_margin::TALKING,15,-0.044573951890465646,0.34449033306808224,0.2830871986786558,0.6,0.4,0.6
task_confidence_full,masked_reliability::audio,15,-0.0423121934065646,0.3123001933926087,0.24514701185583762,0.6,0.4,0.6
task_confidence_full,masked_reliability::location,15,0.11603676171864312,0.8026721421903308,0.6834583241906309,0.5333333333333333,0.4666666666666667,0.5333333333333333
task_confidence_full,masked_reliability::phone_acc,15,-0.024122236242232406,0.14680144512481477,0.1257461761615285,0.4666666666666667,0.5333333333333333,0.5333333333333333
task_confidence_full,masked_reliability::phone_gyro,15,-0.1312984712252391,0.8509320122434362,0.4820794050916165,0.5333333333333333,0.4666666666666667,0.5333333333333333
task_confidence_full,masked_reliability::phone_state,15,0.003234573303098302,0.09978556961759924,0.06923213871979438,0.5333333333333333,0.4666666666666667,0.5333333333333333
task_confidence_full,masked_reliability::watch_acc,15,-0.18869116952968623,2.165740206516813,1.502846409698315,0.4,0.6,0.6
task_confidence_full,system_reliability,15,0.06674156292434534,0.1855559621195871,0.15470357501668483,0.6,0.4,0.6
task_confidence_output_only,label_certainty::BICYCLING,15,0.09451874425898502,0.2773338751933508,0.21087675991714866,0.6666666666666666,0.3333333333333333,0.6666666666666666
task_confidence_output_only,label_certainty::COMPUTER_WORK,15,-0.19835999323159192,0.28219815162194534,0.29413662132900126,0.26666666666666666,0.7333333333333333,0.7333333333333333
task_confidence_output_only,label_certainty::EATING,15,0.049629278775261125,0.24799198563394512,0.21898567473793823,0.6,0.4,0.6
task_confidence_output_only,label_certainty::FIX_walking,15,-0.057876720087282806,0.1615455247624028,0.14445299791610097,0.3333333333333333,0.6666666666666666,0.6666666666666666
task_confidence_output_only,label_certainty::IN_A_CAR,15,-0.054505311546394375,0.14739085391151896,0.1092663443229247,0.4,0.6,0.6
task_confidence_output_only,label_certainty::LOC_home,15,0.0129374856987261,0.24393040671117305,0.20002090612253903,0.6666666666666666,0.3333333333333333,0.6666666666666666
task_confidence_output_only,label_certainty::LOC_main_workplace,15,0.1226896445422785,0.40508595595103,0.3505292387082015,0.6666666666666666,0.3333333333333333,0.6666666666666666
task_confidence_output_only,label_certainty::LYING_DOWN,15,0.1886693615377735,0.3121300515330557,0.2987583760222332,0.6666666666666666,0.3333333333333333,0.6666666666666666
task_confidence_output_only,label_certainty::OR_exercise,15,0.04178423346501197,0.2684465402978567,0.21019368463541394,0.5333333333333333,0.4666666666666667,0.5333333333333333
task_confidence_output_only,label_certainty::OR_indoors,15,-0.27461331009886003,0.7980130953346868,0.6516579115243556,0.4,0.6,0.6
task_confidence_output_only,label_certainty::OR_outside,15,0.2245309984219425,0.8064596022386531,0.6254315921866109,0.6666666666666666,0.3333333333333333,0.6666666666666666
task_confidence_output_only,label_certainty::OR_standing,15,0.06327087419359949,0.2940696033960981,0.252412938155628,0.6,0.4,0.6
task_confidence_output_only,label_certainty::SITTING,15,-0.2403400715899401,0.21379667232477323,0.2470909556273332,0.06666666666666667,0.9333333333333333,0.9333333333333333
task_confidence_output_only,label_certainty::SLEEPING,15,0.2766248869523249,0.34326025897338636,0.284185359651157,0.9333333333333333,0.06666666666666667,0.9333333333333333
task_confidence_output_only,label_certainty::TALKING,15,-0.17063652909114133,0.49052458286159606,0.43737910215755715,0.26666666666666666,0.7333333333333333,0.7333333333333333
task_confidence_output_only,label_threshold_margin::BICYCLING,15,-0.1413502210900582,0.39398790273140377,0.2852401913752507,0.4,0.6,0.6
task_confidence_output_only,label_threshold_margin::COMPUTER_WORK,15,-0.011004258334222255,0.19807247081330417,0.1623829604199812,0.4666666666666667,0.5333333333333333,0.5333333333333333
task_confidence_output_only,label_threshold_margin::EATING,15,-0.25958807755450714,0.23904376061419488,0.29460381794180734,0.13333333333333333,0.8666666666666667,0.8666666666666667
task_confidence_output_only,label_threshold_margin::FIX_walking,15,0.04321857080424253,0.13200763045299688,0.10758237827728787,0.6,0.4,0.6
task_confidence_output_only,label_threshold_margin::IN_A_CAR,15,0.035392074888008135,0.09424543021923584,0.08379924388160849,0.6,0.4,0.6
task_confidence_output_only,label_threshold_margin::LOC_home,15,-0.21409887614009432,0.26560349850169973,0.2917542964727173,0.26666666666666666,0.7333333333333333,0.7333333333333333
task_confidence_output_only,label_threshold_margin::LOC_main_workplace,15,-0.2504215521130237,0.3129032798153794,0.32232571574764096,0.26666666666666666,0.7333333333333333,0.7333333333333333
task_confidence_output_only,label_threshold_margin::LYING_DOWN,15,-0.2788043677717533,0.19404777979967183,0.28375645578681236,0.06666666666666667,0.9333333333333333,0.9333333333333333
task_confidence_output_only,label_threshold_margin::OR_exercise,15,-0.025808684624610768,0.182755039627749,0.15332580248419397,0.4,0.6,0.6
task_confidence_output_only,label_threshold_margin::OR_indoors,15,0.1640476178654449,0.16295577752242466,0.17670750017179684,0.9333333333333333,0.06666666666666667,0.9333333333333333
task_confidence_output_only,label_threshold_margin::OR_outside,15,-0.03708316451149992,0.15590185659277087,0.13390851362825956,0.4666666666666667,0.5333333333333333,0.5333333333333333
task_confidence_output_only,label_threshold_margin::OR_standing,15,-0.1826690220586374,0.23535313363152,0.2630015617390936,0.2,0.8,0.8
task_confidence_output_only,label_threshold_margin::SITTING,15,0.0022418636938130085,0.1282128473554177,0.10107068297041444,0.6,0.4,0.6
task_confidence_output_only,label_threshold_margin::SLEEPING,15,-0.26022491208949433,0.15034330411909239,0.26022491208949433,0.0,1.0,1.0
task_confidence_output_only,label_threshold_margin::TALKING,15,-0.030550558954771847,0.32203235224071547,0.2688252456315424,0.6,0.4,0.6
