model_id,score_method,requested_coverage,fold_count,coverage,coverage_fold_std,accepted_count,accepted_count_fold_std,risk_masked_bce,risk_masked_bce_fold_std,macro_f1,macro_f1_fold_std,micro_f1,micro_f1_fold_std,known_target_count,known_target_count_fold_std,confidence_cutoff,confidence_cutoff_fold_std
B4,mean_binary_certainty,0.05,5,0.050007078996005226,4.311431646759798e-06,3722.2,873.2772755545628,0.37139034194982823,0.13222325287246697,0.4664404048695,0.06354184715737118,0.914556446953885,0.04667321968188628,39648.333333333336,10563.770112985232,0.956626338436117,0.010951280285191616
B4,mean_binary_certainty,0.1,5,0.10000313391105256,4.350271245683503e-06,7443.6,1746.4202816046313,0.31792325489286843,0.07390791668607244,0.4579904303089812,0.04585252437916543,0.9189493515980175,0.030080233978580204,81307.46666666666,20193.151092222663,0.9280257591721746,0.01855873198999529
B4,mean_binary_certainty,0.15,5,0.1500075204647434,3.144169134636914e-06,11165.6,2619.6996583578048,0.30128523805830526,0.060776343024880136,0.5208899730976547,0.07244635606545141,0.9186338924952011,0.025712518483577453,123348.73333333332,30547.675632070965,0.8834978013081646,0.045193753853106644
B4,mean_binary_certainty,0.2,5,0.20000357537979072,3.0249180210511215e-06,14887.0,3492.8426818280836,0.30171715523553805,0.0527176012870684,0.5673507659347314,0.07362154074462696,0.9103565365918218,0.028343565720638057,164282.6,41652.086400590095,0.8211813018067693,0.05595932112560723
B4,mean_binary_certainty,0.25,5,0.2500056473329816,3.8237698060698875e-06,18608.8,4365.950663944795,0.3095048453306877,0.04326909014168255,0.6118700157460241,0.08458130657343414,0.8956539504660797,0.029392090302710595,203878.2,51909.252305559385,0.7569948376513383,0.05316184674077702
B4,mean_binary_certainty,0.3,5,0.3000040168485289,2.6309761406514875e-06,22330.4,5239.265101137754,0.32172453942917145,0.03922998479184341,0.6522717013222185,0.040258593873305784,0.8771950630662888,0.02838215631613224,242490.4,61338.96541097582,0.6972835943777969,0.03517319956271562
B4,mean_binary_certainty,0.35,5,0.35000608880171985,3.189508981368201e-06,26052.2,6112.3730825269495,0.33485871880654755,0.03493429926074925,0.6634934423075218,0.03235945257565793,0.8577181203522208,0.0256995623225773,280486.4,70483.00094719451,0.6510035574550495,0.02456625636800129
B4,mean_binary_certainty,0.4,5,0.4000044583172671,3.498653907729881e-06,29773.8,6985.687525218975,0.3487129334727225,0.03125191478602156,0.6623073729249296,0.03129875033839365,0.8384220949850654,0.022203227041960868,317865.5333333333,79626.63392867435,0.6151133272638674,0.021596898955743606
B4,mean_binary_certainty,0.45,5,0.450006530270458,3.6429873523363466e-06,33495.6,7858.795505673881,0.36193523009381756,0.028629094012392702,0.6560753465956085,0.02947808772045254,0.8202453787839541,0.018946471694837767,354897.6666666666,88712.00716519594,0.5851034417462301,0.021247139855826495
B4,mean_binary_certainty,0.5,5,0.5000025851855053,3.643907512648645e-06,37217.0,8731.938530475349,0.3733102361087047,0.026748602966667902,0.6482383486180945,0.03089280254396736,0.80368687431394,0.016732647662512635,391532.2,97483.94204163975,0.558672184247122,0.02174728515061655
B4,mean_binary_certainty,0.55,5,0.5500075679432102,4.372254802686094e-06,40939.0,9604.91548635385,0.38316616859476893,0.025210076736437107,0.6405924444482654,0.031492271858553265,0.7888443075974002,0.015084355749994175,428195.2,106265.51650585224,0.5337236245435009,0.022189113841509577
B4,mean_binary_certainty,0.6,5,0.600005719096558,4.538874875364618e-06,44660.6,10478.358783702723,0.39238591317048654,0.02393007916100439,0.6321091214740882,0.03262710996479847,0.7751638720114393,0.013834099534858785,464532.0666666666,115156.0666958348,0.5092380578868887,0.02264359954705954
B4,mean_binary_certainty,0.65,5,0.6500080094119485,3.610315715629472e-06,48382.4,11351.337907929621,0.40115502583883933,0.02281391179738851,0.623731294200059,0.03300046509538215,0.7624952578476137,0.013063507508715,500827.5333333333,124007.94520415032,0.48421128204359076,0.022882376553746583
B4,mean_binary_certainty,0.7,5,0.7000061605652961,4.077532910128363e-06,52104.0,12224.781204586036,0.40911106608259773,0.022038311949577408,0.6157786062993199,0.0326017828860746,0.7507425317362659,0.012757383196280676,537022.2,132818.82297191332,0.4582597183188029,0.023552495557244285
B4,mean_binary_certainty,0.75,5,0.7500061362801866,4.8186616363556415e-06,55825.6,13097.588911704323,0.41667884015101125,0.021298345936837777,0.6081530335480966,0.03188081209636393,0.7397863986753906,0.012508788305115306,573394.5333333334,141632.4507514668,0.4306832567108458,0.02414073420950202
B4,mean_binary_certainty,0.8,5,0.8000066020340343,4.494196416076866e-06,59547.4,13971.203627461737,0.4242743665338658,0.020949740146493537,0.6000737697869265,0.030969361175790765,0.7292586860315902,0.012416463046055683,609913.2666666667,150357.31853514074,0.4009858043426998,0.025262456796639816
B4,mean_binary_certainty,0.85,5,0.8500065777489247,4.625112191283739e-06,63269.0,14844.011334541618,0.43205239501569126,0.02051425564602334,0.5916683768274638,0.029743689685003384,0.7190732714649708,0.012662935464716635,646496.8666666666,158990.30074113185,0.3672371534824432,0.02620637213889998
B4,mean_binary_certainty,0.9,5,0.9000070435027725,5.5960669684666475e-06,66990.8,15717.62605166569,0.4396940416475819,0.020032527642767913,0.5831822199002812,0.02856025631236347,0.7093759675976623,0.012865989869279157,683068.1333333333,167348.2256893292,0.32668268617930635,0.02661503557349494
B4,mean_binary_certainty,0.95,5,0.950007019217663,5.206770870028924e-06,70712.4,16590.433758645373,0.4474337730363184,0.019425831532876053,0.574376182169412,0.027747376952908336,0.700073652571656,0.013412325080006372,719574.9333333333,175228.88084214,0.27070812659951915,0.025025553217658952
B4,mean_binary_certainty,1.0,5,1.0,0.0,74433.6,17463.71098306428,0.4557503489236117,0.01861733265964979,0.5651348469273738,0.027810520917216187,0.6911299116175834,0.014427385364116025,755688.0,182371.90756117017,0.04159709910426944,0.010174887483877213
B4,mean_normalized_threshold_margin,0.05,5,0.050007078996005226,4.311431646759798e-06,3722.2,873.2772755545628,0.36355178281825173,0.13212953665920013,0.4528058474782185,0.029339257133716472,0.9226456040871753,0.04873003412731507,39605.2,10347.332126903264,0.9859237897236438,0.004484428018986498
B4,mean_normalized_threshold_margin,0.1,5,0.10000313391105256,4.350271245683503e-06,7443.6,1746.4202816046313,0.31742593920778905,0.07263830833497728,0.462205245717669,0.04595541891779329,0.9245902542207526,0.03314169955656071,81916.4,20136.806618726812,0.9686138735085692,0.010829171624872477
B4,mean_normalized_threshold_margin,0.15,5,0.1500075204647434,3.144169134636914e-06,11165.6,2619.6996583578048,0.30318581608999884,0.0567829277487176,0.49687615674130237,0.04090621318165273,0.9210460285266919,0.02748101067377583,123200.86666666667,30744.42289496494,0.9439459918888009,0.02108273108911353
B4,mean_normalized_threshold_margin,0.2,5,0.20000357537979072,3.0249180210511215e-06,14887.0,3492.8426818280836,0.30204906128537906,0.052252214014696256,0.5600834275710144,0.06576997019270893,0.9112620693159055,0.029788226412240142,164198.0,41593.733857664454,0.9118044824899654,0.027378146281868285
B4,mean_normalized_threshold_margin,0.25,5,0.2500056473329816,3.8237698060698875e-06,18608.8,4365.950663944795,0.30927240406549467,0.04570456277025789,0.6163394970047746,0.06491690612754485,0.8972588540217309,0.030146828549231664,203930.46666666667,52252.80228189787,0.8717786067315234,0.03012621296965276
B4,mean_normalized_threshold_margin,0.3,5,0.3000040168485289,2.6309761406514875e-06,22330.4,5239.265101137754,0.32212016935694343,0.04116238780792377,0.6472099793368044,0.04525982381146985,0.8785131285012895,0.028559418550671154,243010.1333333333,61789.75050865816,0.832865683627074,0.02018515004018982
B4,mean_normalized_threshold_margin,0.35,5,0.35000608880171985,3.189508981368201e-06,26052.2,6112.3730825269495,0.33570462740147244,0.03797417823912384,0.6604907488556553,0.03956592226066056,0.8588544413487655,0.026115980682653542,281418.5333333333,71065.34779991035,0.8012793331814472,0.013606414991395106
B4,mean_normalized_threshold_margin,0.4,5,0.4000044583172671,3.498653907729881e-06,29773.8,6985.687525218975,0.3486875679803682,0.03513853907813105,0.6675228790987457,0.03225666266286899,0.840143767602215,0.023367644434369703,319241.39999999997,80039.473187505,0.7758733294836883,0.010964441900140795
B4,mean_normalized_threshold_margin,0.45,5,0.450006530270458,3.6429873523363466e-06,33495.6,7858.795505673881,0.36067015737151575,0.0320824450406098,0.6643977116526996,0.03106087190201767,0.8226570615515125,0.021010400914381895,356507.6666666667,88791.62252556387,0.7534998387675521,0.01027896407684258
B4,mean_normalized_threshold_margin,0.5,5,0.5000025851855053,3.643907512648645e-06,37217.0,8731.938530475349,0.3714657493707872,0.02992466314730698,0.6591152782512479,0.03169559495074991,0.8069506610698823,0.019292275488432015,393464.13333333336,97240.9761613442,0.7329843707242054,0.010225943619741953
B4,mean_normalized_threshold_margin,0.55,5,0.5500075679432102,4.372254802686094e-06,40939.0,9604.91548635385,0.3813791777958049,0.027333107490354357,0.6525387257203616,0.033734106418759256,0.7926343210169527,0.017631167910967794,429900.0,105801.67545748559,0.7133698612547098,0.010480331675390489
B4,mean_normalized_threshold_margin,0.6,5,0.600005719096558,4.538874875364618e-06,44660.6,10478.358783702723,0.39075912499617915,0.02510710045377042,0.6443980886129135,0.035067563917891786,0.7792965884303558,0.016304514614543634,465977.7333333334,114384.01970516297,0.694056473108709,0.010944502010880602
B4,mean_normalized_threshold_margin,0.65,5,0.6500080094119485,3.610315715629472e-06,48382.4,11351.337907929621,0.39936868768084055,0.023697805342212802,0.6361111680141008,0.036381091617991954,0.7669678376410214,0.015372197321475389,501956.4,122983.99251334387,0.6741833506175103,0.011248343296085383
B4,mean_normalized_threshold_margin,0.7,5,0.7000061605652961,4.077532910128363e-06,52104.0,12224.781204586036,0.4074448595160418,0.022630864604263737,0.626683422975149,0.03660573709773778,0.7551128173432776,0.014749638930257304,537940.8666666667,131723.61257880498,0.6533847246215022,0.011608078407969348
B4,mean_normalized_threshold_margin,0.75,5,0.7500061362801866,4.8186616363556415e-06,55825.6,13097.588911704323,0.41535332921550844,0.021567269280787997,0.616797364891775,0.03632628283488114,0.7439720692661362,0.014235684598620514,574002.2666666667,140549.89181097856,0.6307054597553536,0.012093163064013175
B4,mean_normalized_threshold_margin,0.8,5,0.8000066020340343,4.494196416076866e-06,59547.4,13971.203627461737,0.423148502729061,0.02113798581573348,0.6075178098793085,0.035277705215652794,0.7333062303422226,0.013965342728931771,610188.7333333333,149340.78167425594,0.6054490690705482,0.012879973352695423
B4,mean_normalized_threshold_margin,0.85,5,0.8500065777489247,4.625112191283739e-06,63269.0,14844.011334541618,0.4310765631649476,0.020237933655594675,0.5975269491299782,0.033917099937651886,0.7229532409573887,0.013805334628256477,646808.9999999999,158164.63285397697,0.5762278583211327,0.013549468723606888
B4,mean_normalized_threshold_margin,0.9,5,0.9000070435027725,5.5960669684666475e-06,66990.8,15717.62605166569,0.4390092144673476,0.0194617575159884,0.5872439410679231,0.03213125723448113,0.7126090282729711,0.013705545841729193,683461.6,166905.2588212513,0.5399864368931873,0.013872880026623543
B4,mean_normalized_threshold_margin,0.95,5,0.950007019217663,5.206770870028924e-06,70712.4,16590.433758645373,0.44680680887281865,0.01894469740517746,0.5770552304802185,0.029831564798055897,0.7022800210788938,0.013878393596907762,719937.6,175339.4036334167,0.4882420316046626,0.01390970477163869
B4,mean_normalized_threshold_margin,1.0,5,1.0,0.0,74433.6,17463.71098306428,0.4557503489236117,0.018617332659649773,0.5651348469273738,0.027810520917216187,0.6911299116175834,0.014427385364116025,755688.0,182371.90756117017,0.23338999624883033,0.014978186252995494
B5,mean_binary_certainty,0.05,5,0.050007078996005226,4.311431646759798e-06,3722.2,873.2772755545628,0.2986755176514389,0.15517323925581059,0.5231921763457212,0.0636894202416319,0.9206412855877003,0.03962661694148683,39713.73333333333,9914.449669267804,0.938180014831931,0.013924860379807108
B5,mean_binary_certainty,0.1,5,0.10000313391105256,4.350271245683503e-06,7443.6,1746.4202816046313,0.26642169447697983,0.09669386074935507,0.5120929260001864,0.08419853559522915,0.9242987666452134,0.02718858109734537,81927.8,19339.721412448296,0.8983800334669267,0.027537731088038253
B5,mean_binary_certainty,0.15,5,0.1500075204647434,3.144169134636914e-06,11165.6,2619.6996583578048,0.2636850572955857,0.07002363252097318,0.5895601932110178,0.06548782638349218,0.9203673869276164,0.02533409097149292,123772.8,29353.345014381805,0.8269556554953787,0.05631817854674753
B5,mean_binary_certainty,0.2,5,0.20000357537979072,3.0249180210511215e-06,14887.0,3492.8426818280836,0.26854885245234306,0.055895368023707294,0.6160625927667622,0.06774929205750488,0.9097328410839214,0.026657745411070796,164569.3333333333,39825.356451637694,0.7525562250037774,0.06487384453055509
B5,mean_binary_certainty,0.25,5,0.2500056473329816,3.8237698060698875e-06,18608.8,4365.950663944795,0.2782626582721168,0.047910693337418535,0.6498392368149964,0.04910294045746022,0.8943214781422093,0.028102442680565373,204352.93333333332,50213.32638763449,0.6895618070475364,0.05577333205467438
B5,mean_binary_certainty,0.3,5,0.3000040168485289,2.6309761406514875e-06,22330.4,5239.265101137754,0.2934160186130624,0.042940030557537055,0.6728723369192594,0.02681053749199834,0.8754329397197983,0.028725157178881095,242946.59999999995,59635.044166068066,0.6354202511432435,0.04317058185738227
B5,mean_binary_certainty,0.35,5,0.35000608880171985,3.189508981368201e-06,26052.2,6112.3730825269495,0.31318739502879184,0.03909852954712432,0.6766215209276056,0.02133791496461408,0.8543150017431899,0.027240538659874095,280648.3333333334,69039.78778332582,0.5937453539421187,0.03626109713234829
B5,mean_binary_certainty,0.4,5,0.4000044583172671,3.498653907729881e-06,29773.8,6985.687525218975,0.3312728656825495,0.035769069996288455,0.6730832093893079,0.018191592338246954,0.8348299336540294,0.024065298649975246,317840.2,78657.07422257426,0.5603604644091286,0.03441848292256619
B5,mean_binary_certainty,0.45,5,0.450006530270458,3.6429873523363466e-06,33495.6,7858.795505673881,0.34608259470316366,0.03258869224827919,0.6666995485360083,0.01698358356923742,0.8172876968952005,0.021227886330587455,354536.7333333333,87897.01659909863,0.5314980013759831,0.03396423416523164
B5,mean_binary_certainty,0.5,5,0.5000025851855053,3.643907512648645e-06,37217.0,8731.938530475349,0.35818422884816764,0.030093141181719595,0.6594202752989422,0.018767381731761294,0.8015817356447776,0.018889251715669044,390969.00000000006,96907.61971331254,0.505218019963904,0.03426704924826705
B5,mean_binary_certainty,0.55,5,0.5500075679432102,4.372254802686094e-06,40939.0,9604.91548635385,0.3690390555660731,0.028203066152600337,0.6517118269498867,0.020881994622654332,0.7875708293511258,0.017336650916829333,427353.4666666666,105899.21437532535,0.47999887559906973,0.034499538192665595
B5,mean_binary_certainty,0.6,5,0.600005719096558,4.538874875364618e-06,44660.6,10478.358783702723,0.3786597553165939,0.026677304193607632,0.6439071487331042,0.02331762558876204,0.7749344199000415,0.01641999960658299,463656.6666666667,114851.53668589337,0.4552686624370164,0.034654975596448624
B5,mean_binary_certainty,0.65,5,0.6500080094119485,3.610315715629472e-06,48382.4,11351.337907929621,0.38770583164250827,0.02564296002321094,0.636170001232484,0.02433396859959121,0.7631854481839929,0.01621961930753007,499927.0666666667,123692.51114252814,0.43049755526934536,0.034935793904321645
B5,mean_binary_certainty,0.7,5,0.7000061605652961,4.077532910128363e-06,52104.0,12224.781204586036,0.3961091777772839,0.024777580799404165,0.6287153682460156,0.02476252525089867,0.7522581264778362,0.016246391389272384,536167.9333333333,132410.63401307483,0.404833404923413,0.03476362380816026
B5,mean_binary_certainty,0.75,5,0.7500061362801866,4.8186616363556415e-06,55825.6,13097.588911704323,0.4042277774442976,0.02406824861828677,0.6212246581868996,0.024281040385543726,0.7420447447257049,0.01667190961413028,572655.7333333334,141124.9837963577,0.37825354250302423,0.03419888275389971
B5,mean_binary_certainty,0.8,5,0.8000066020340343,4.494196416076866e-06,59547.4,13971.203627461737,0.41198003567571356,0.023222382055468175,0.6134552076503818,0.02419735817787819,0.732332803393559,0.01710422911033316,609202.0,149772.4376091572,0.3499937355033585,0.03347728183002214
B5,mean_binary_certainty,0.85,5,0.8500065777489247,4.625112191283739e-06,63269.0,14844.011334541618,0.4196966514123245,0.02230970277833332,0.6054440017393277,0.024240916674090035,0.7232377047621437,0.01736639478532415,645648.1333333333,158321.23503630908,0.3183656287619367,0.03226108580558078
B5,mean_binary_certainty,0.9,5,0.9000070435027725,5.5960669684666475e-06,66990.8,15717.62605166569,0.4275547474665995,0.021133554318889407,0.5971739563788999,0.023834654887165217,0.7142973608131173,0.017926077611169263,682163.4,166614.66892627164,0.2805964371456535,0.030754634134958228
B5,mean_binary_certainty,0.95,5,0.950007019217663,5.206770870028924e-06,70712.4,16590.433758645373,0.43577341046465545,0.020091740364195455,0.5883862961193131,0.02360337507188207,0.7056413883889359,0.018666365603733418,718835.3333333334,174636.86934003624,0.22977600957780625,0.027143923575961237
B5,mean_binary_certainty,1.0,5,1.0,0.0,74433.6,17463.71098306428,0.44513800145186166,0.018980531882054976,0.5786048766904713,0.024325477872746325,0.6967628226209163,0.01952398782364254,755688.0,182371.90756117017,0.037052790049596974,0.006887484288250472
B5,mean_normalized_threshold_margin,0.05,5,0.050007078996005226,4.311431646759798e-06,3722.2,873.2772755545628,0.2989588378027933,0.14478362630453465,0.5035921031436613,0.10031760071764566,0.9226692429582595,0.043783916240622923,39482.4,10251.746161291527,0.9784885414844045,0.007127597061452227
B5,mean_normalized_threshold_margin,0.1,5,0.10000313391105256,4.350271245683503e-06,7443.6,1746.4202816046313,0.2695844525028352,0.09694476700316348,0.5240608770973694,0.0970498662531354,0.9269189504134685,0.02845044125588276,81475.53333333334,19600.684247693443,0.9559903995311737,0.012743974583359574
B5,mean_normalized_threshold_margin,0.15,5,0.1500075204647434,3.144169134636914e-06,11165.6,2619.6996583578048,0.26638120982405644,0.07244753926830562,0.5790305002863513,0.06782299210398764,0.9217507174595359,0.026090979000395878,123244.66666666666,29499.813941032837,0.9217883098497046,0.027288402324391243
B5,mean_normalized_threshold_margin,0.2,5,0.20000357537979072,3.0249180210511215e-06,14887.0,3492.8426818280836,0.272060988307345,0.056478177181929705,0.6168956954693317,0.06321094364070338,0.9109278703345683,0.027516139167306643,164217.6,40387.68889594397,0.8776634130544334,0.03351778704966094
B5,mean_normalized_threshold_margin,0.25,5,0.2500056473329816,3.8237698060698875e-06,18608.8,4365.950663944795,0.28106667098957405,0.04796019461031195,0.6459168920857066,0.05142303777312354,0.8953187168755792,0.02869920528665709,204224.93333333332,50699.91355920748,0.8351518092900067,0.03233772184835374
B5,mean_normalized_threshold_margin,0.3,5,0.3000040168485289,2.6309761406514875e-06,22330.4,5239.265101137754,0.296247848879464,0.04521639826233748,0.6747661801412634,0.029199453057536632,0.8767941377077216,0.029287655172038945,243330.0666666667,60705.45608940125,0.7973608067475254,0.025177966907981634
B5,mean_normalized_threshold_margin,0.35,5,0.35000608880171985,3.189508981368201e-06,26052.2,6112.3730825269495,0.3131769950748847,0.042646538281835525,0.6861879880682313,0.022548471355979302,0.8570428791340495,0.028596250137413022,281946.3333333334,70277.27028784707,0.7671988676035926,0.021078492951847418
B5,mean_normalized_threshold_margin,0.4,5,0.4000044583172671,3.498653907729881e-06,29773.8,6985.687525218975,0.32888662524920054,0.038756921193214326,0.6841068522730562,0.01624721991706883,0.8383763831711428,0.02676333764041081,319770.20000000007,79530.12663052077,0.7425428863696455,0.01918797555511451
B5,mean_normalized_threshold_margin,0.45,5,0.450006530270458,3.6429873523363466e-06,33495.6,7858.795505673881,0.3428618540939776,0.0349094237908725,0.6780493136363225,0.016355624257668466,0.8214012822224733,0.02473885204144546,356939.4,88362.33466666915,0.7206014328269787,0.01899539938036915
B5,mean_normalized_threshold_margin,0.5,5,0.5000025851855053,3.643907512648645e-06,37217.0,8731.938530475349,0.35497726599358415,0.03181258651252134,0.672013123129201,0.017648698333019443,0.8065409936385146,0.0228664722129038,393603.4666666667,97064.89344036231,0.7004828572671123,0.01917637106690792
B5,mean_normalized_threshold_margin,0.55,5,0.5500075679432102,4.372254802686094e-06,40939.0,9604.91548635385,0.3660884243934114,0.029080438406294852,0.6642872857857073,0.020266488407751602,0.7930418362985727,0.02137041382246606,429917.9333333333,105541.87253050062,0.6811668589345319,0.0195148404503663
B5,mean_normalized_threshold_margin,0.6,5,0.600005719096558,4.538874875364618e-06,44660.6,10478.358783702723,0.3764515347122458,0.0273652707021454,0.6568815032539165,0.021740726762416257,0.7807264138129724,0.020399506653442034,466038.5333333334,114115.39957078538,0.6617148488206925,0.02042948054927466
B5,mean_normalized_threshold_margin,0.65,5,0.6500080094119485,3.610315715629472e-06,48382.4,11351.337907929621,0.38600623298968106,0.025907836595959785,0.6494564948624081,0.023322777219156998,0.7690663185156144,0.019710903522872168,501975.4,122784.06921126932,0.6417721835855023,0.021297257497685042
B5,mean_normalized_threshold_margin,0.7,5,0.7000061605652961,4.077532910128363e-06,52104.0,12224.781204586036,0.39479068135303175,0.024894184075166,0.6403188979021881,0.024394359766948714,0.7578792328823145,0.01913064850018444,538014.8666666667,131501.2361865427,0.6210248202634944,0.022507849524287655
B5,mean_normalized_threshold_margin,0.75,5,0.7500061362801866,4.8186616363556415e-06,55825.6,13097.588911704323,0.40317285793188756,0.024241063443265296,0.631227013450701,0.024782821645397243,0.7472365666905494,0.018977408569556188,574149.4666666666,140162.0058804176,0.5986706467465631,0.023234410953935573
B5,mean_normalized_threshold_margin,0.8,5,0.8000066020340343,4.494196416076866e-06,59547.4,13971.203627461737,0.41104104848746836,0.023495883876497762,0.6225625729769715,0.024952172299780938,0.7371998473994521,0.018931944873378573,610160.7333333332,148877.64575602193,0.5741905486796617,0.02352260904567508
B5,mean_normalized_threshold_margin,0.85,5,0.8500065777489247,4.625112191283739e-06,63269.0,14844.011334541618,0.4187463365871407,0.022538180088982607,0.61308550752773,0.024788724302240873,0.7274548480914599,0.01902514674126994,646534.6666666666,157615.9657728239,0.5459467733334201,0.023237199993880873
B5,mean_normalized_threshold_margin,0.9,5,0.9000070435027725,5.5960669684666475e-06,66990.8,15717.62605166569,0.4268748289911187,0.021568596724742636,0.602970574578547,0.024529037227531025,0.7177028823382317,0.019116121036596788,683141.6,166374.47876175132,0.5112785512238619,0.02214916339658275
B5,mean_normalized_threshold_margin,0.95,5,0.950007019217663,5.206770870028924e-06,70712.4,16590.433758645373,0.4352785709129089,0.02039834991498606,0.5916585122741324,0.024046337842503155,0.7076047337055504,0.01931001756124883,719666.6666666667,174749.22315675364,0.46264636692206196,0.01966767294559344
B5,mean_normalized_threshold_margin,1.0,5,1.0,0.0,74433.6,17463.71098306428,0.44513800145186166,0.018980531882054976,0.5786048766904713,0.024325477872746325,0.6967628226209163,0.01952398782364254,755688.0,182371.90756117017,0.2292524488183853,0.030208153032238786
P,mean_binary_certainty,0.05,5,0.050007078996005226,4.311431646759798e-06,3722.2,873.2772755545628,0.3295012253002831,0.14244101828560835,0.5019533553173808,0.08212261855427336,0.9203579682721333,0.03969892481082146,40086.73333333333,10435.59065942657,0.9412603772491819,0.010819149040791357
P,mean_binary_certainty,0.1,5,0.10000313391105256,4.350271245683503e-06,7443.6,1746.4202816046313,0.282435997533388,0.09449709169307173,0.48420378660548413,0.02225826975060255,0.9260723927206234,0.02521366332519518,82752.13333333333,20207.75865107261,0.9030348857834914,0.01957320145808826
P,mean_binary_certainty,0.15,5,0.1500075204647434,3.144169134636914e-06,11165.6,2619.6996583578048,0.2773632069508356,0.06799473301185081,0.5555165113402473,0.055205902886227586,0.9216817331654144,0.023323210056436006,124740.2,30014.964155493435,0.8382613349993718,0.046156782583484976
P,mean_binary_certainty,0.2,5,0.20000357537979072,3.0249180210511215e-06,14887.0,3492.8426818280836,0.2801992812483612,0.05332334529614238,0.6023746783559334,0.05273049310489989,0.9117119521192715,0.023962739508202265,165053.73333333334,39850.55358558746,0.7654881907617787,0.05339924157106012
P,mean_binary_certainty,0.25,5,0.2500056473329816,3.8237698060698875e-06,18608.8,4365.950663944795,0.2859130457413931,0.04440684724108673,0.63979120114499,0.044207346100912724,0.8975757353831634,0.024829486375399223,204056.19999999998,50188.12275030817,0.6986408118199362,0.0463476780354089
P,mean_binary_certainty,0.3,5,0.3000040168485289,2.6309761406514875e-06,22330.4,5239.265101137754,0.2957436762546627,0.03655729810697528,0.6667460341935956,0.030934441572474023,0.8806691025061018,0.02404619149989578,242141.4,59865.50955748876,0.6433356483679279,0.03395081644389525
P,mean_binary_certainty,0.35,5,0.35000608880171985,3.189508981368201e-06,26052.2,6112.3730825269495,0.3120863505447764,0.033011043894734145,0.6772093161689914,0.025049215086083352,0.8605529120556767,0.02112398659475532,279911.73333333334,69517.36828839571,0.5989403985921953,0.026642548076546056
P,mean_binary_certainty,0.4,5,0.4000044583172671,3.498653907729881e-06,29773.8,6985.687525218975,0.32740982650621486,0.030376342251636212,0.6752137655605979,0.023987660767582696,0.8409631578133029,0.017995196686289797,317325.6666666666,78908.94507701055,0.5633714212466254,0.022930884836792738
P,mean_binary_certainty,0.45,5,0.450006530270458,3.6429873523363466e-06,33495.6,7858.795505673881,0.3412345920728565,0.027834886662229046,0.6689321249238758,0.023718839124715705,0.822848294461336,0.015530591303802233,354429.3333333333,87944.34686683012,0.5326626612697587,0.02133539151660093
P,mean_binary_certainty,0.5,5,0.5000025851855053,3.643907512648645e-06,37217.0,8731.938530475349,0.3532733958246824,0.02555831905861678,0.6613736634274217,0.02393631756646303,0.8066448941564195,0.013923380783095081,391091.26666666666,97007.3603299713,0.5048625642996681,0.021020967791700464
P,mean_binary_certainty,0.55,5,0.5500075679432102,4.372254802686094e-06,40939.0,9604.91548635385,0.36388867405553,0.02392212841017969,0.6535182880759672,0.02439512612800616,0.7918684560151928,0.012984806102879824,427860.6,105908.43102190786,0.4790810802226219,0.020851571470330565
P,mean_binary_certainty,0.6,5,0.600005719096558,4.538874875364618e-06,44660.6,10478.358783702723,0.37359920063547836,0.022150460968814813,0.645290556523044,0.025036754456116115,0.7785024201566075,0.01221615541028672,464163.1333333334,114753.33256419569,0.4541521658987092,0.020544163985904116
P,mean_binary_certainty,0.65,5,0.6500080094119485,3.610315715629472e-06,48382.4,11351.337907929621,0.38290528373878385,0.020746286807317424,0.6366264848237725,0.02499505927014166,0.7660859129403648,0.011992567582810105,500281.8666666667,123618.77110329519,0.4293480124064679,0.01989961466382917
P,mean_binary_certainty,0.7,5,0.7000061605652961,4.077532910128363e-06,52104.0,12224.781204586036,0.3915653648459503,0.019643551022279476,0.6282099681659907,0.024913798342517862,0.7546534289550307,0.012231657964192618,536637.1333333334,132544.08491739226,0.403481432347174,0.019602513806243577
P,mean_binary_certainty,0.75,5,0.7500061362801866,4.8186616363556415e-06,55825.6,13097.588911704323,0.39991438352069786,0.018499854842651927,0.6196396134429265,0.025296587720798458,0.7439418071676032,0.012309344424264516,573066.4,141402.31651889975,0.376276134854833,0.01950393330529141
P,mean_binary_certainty,0.8,5,0.8000066020340343,4.494196416076866e-06,59547.4,13971.203627461737,0.40816191622415704,0.017252462197141095,0.610984384311406,0.025216753911729718,0.7337286988497934,0.012662869179970698,609596.4,150099.40004810147,0.34714454204406847,0.01968191168042931
P,mean_binary_certainty,0.85,5,0.8500065777489247,4.625112191283739e-06,63269.0,14844.011334541618,0.4163080453058468,0.01635663144377837,0.6026533825294502,0.024878805520259235,0.7242074221309382,0.013100274716685971,646268.6666666666,158691.21228260314,0.3147385405226041,0.020358476648778715
P,mean_binary_certainty,0.9,5,0.9000070435027725,5.5960669684666475e-06,66990.8,15717.62605166569,0.42466915066494837,0.01543777185727276,0.5942970855272807,0.024884881852270935,0.7150832374686711,0.01374082655574677,682806.2,167004.31973714533,0.2761288267648884,0.02012121854337294
P,mean_binary_certainty,0.95,5,0.950007019217663,5.206770870028924e-06,70712.4,16590.433758645373,0.4331871333968529,0.01474003334873255,0.5856852764611425,0.025230649263741193,0.7063896567812777,0.014739417859932094,719412.4,174961.6830900094,0.22411234791619897,0.018781674500048366
P,mean_binary_certainty,1.0,5,1.0,0.0,74433.6,17463.71098306428,0.4426814511606795,0.014131454993429188,0.5766782607502025,0.025426982919136826,0.6980404973593185,0.016235250163119323,755688.0,182371.90756117017,0.03456791375548608,0.007684531429407673
P,mean_normalized_threshold_margin,0.05,5,0.050007078996005226,4.311431646759798e-06,3722.2,873.2772755545628,0.336457751586574,0.14242605243959713,0.489805014459444,0.08186986805201797,0.9224384000157897,0.04210442379924,40279.26666666666,10450.197795576247,0.9805223069945441,0.005215139330225184
P,mean_normalized_threshold_margin,0.1,5,0.10000313391105256,4.350271245683503e-06,7443.6,1746.4202816046313,0.28418257247392764,0.09386229492265731,0.4717632918493589,0.0319248748507021,0.9284631449857894,0.027760095153458564,83048.26666666668,20292.21680075612,0.9596498872160704,0.010558206658364192
P,mean_normalized_threshold_margin,0.15,5,0.1500075204647434,3.144169134636914e-06,11165.6,2619.6996583578048,0.2790496037581277,0.07037701043759916,0.54394003591609,0.03270074322538114,0.922661211574864,0.02509201174168594,124528.33333333333,30156.244564305787,0.9276661188112338,0.024424023359780427
P,mean_normalized_threshold_margin,0.2,5,0.20000357537979072,3.0249180210511215e-06,14887.0,3492.8426818280836,0.28291724317288075,0.056010916048307324,0.6018863811482852,0.04264794804660834,0.9125945318003484,0.025589237801783515,164900.8,40418.5760199166,0.8868364349713644,0.02990650131802126
P,mean_normalized_threshold_margin,0.25,5,0.2500056473329816,3.8237698060698875e-06,18608.8,4365.950663944795,0.28867292589435845,0.04635266949382103,0.6312333757112623,0.03745843802422749,0.8984312458426817,0.025788026288851865,204525.66666666666,50739.629480646916,0.8435272232211309,0.02772692351753821
P,mean_normalized_threshold_margin,0.3,5,0.3000040168485289,2.6309761406514875e-06,22330.4,5239.265101137754,0.299773291793428,0.04044684921159215,0.6632645971323293,0.022825237197768817,0.8807917124182447,0.025186730723414055,243380.1333333333,60676.18960725496,0.8050687841526475,0.020241306607355125
P,mean_normalized_threshold_margin,0.35,5,0.35000608880171985,3.189508981368201e-06,26052.2,6112.3730825269495,0.31342536431580625,0.03625854368733763,0.6747315505781839,0.02290370377200662,0.8616783422154685,0.023231154116356383,281797.4,70468.22430176912,0.773434393477179,0.01522529775050966
P,mean_normalized_threshold_margin,0.4,5,0.4000044583172671,3.498653907729881e-06,29773.8,6985.687525218975,0.32638653505619175,0.032487852916596296,0.6800128011251003,0.022709682982310898,0.8432048360982893,0.02090680049474908,319513.06666666665,79808.4692106323,0.7469507989199011,0.012351359418077778
P,mean_normalized_threshold_margin,0.45,5,0.450006530270458,3.6429873523363466e-06,33495.6,7858.795505673881,0.33874792754564903,0.029057128150615036,0.67706555455605,0.02357582834268664,0.8260633969015027,0.019132423828420415,356547.6,88665.37686605747,0.7237033450772918,0.01125015222976519
P,mean_normalized_threshold_margin,0.5,5,0.5000025851855053,3.643907512648645e-06,37217.0,8731.938530475349,0.3502802381940013,0.02599385812905906,0.6717681125608415,0.025005006219911606,0.8105130303116532,0.01717613752038501,393337.7333333333,97483.08213719274,0.7023616913753388,0.010775383379104692
P,mean_normalized_threshold_margin,0.55,5,0.5500075679432102,4.372254802686094e-06,40939.0,9604.91548635385,0.3608459825647947,0.023878221239649586,0.6649539580688878,0.02576267342326098,0.7963649399274261,0.01578139282787687,429848.9333333334,106137.97739431231,0.682030302128259,0.010304804484539128
P,mean_normalized_threshold_margin,0.6,5,0.600005719096558,4.538874875364618e-06,44660.6,10478.358783702723,0.3710209541121106,0.022117056164348087,0.6566914408384157,0.02616089052142187,0.7834131528624504,0.0148889510611117,466161.5333333333,114769.53875160238,0.6616975196201926,0.010256180212820709
P,mean_normalized_threshold_margin,0.65,5,0.6500080094119485,3.610315715629472e-06,48382.4,11351.337907929621,0.3807557381358003,0.020832988224777,0.6484662110361746,0.02631321123064152,0.7712053699064599,0.01442120769016568,502423.3333333333,123480.63026195196,0.6410347504180463,0.01094167669897542
P,mean_normalized_threshold_margin,0.7,5,0.7000061605652961,4.077532910128363e-06,52104.0,12224.781204586036,0.3900079891188374,0.01986866230087744,0.6393101374218133,0.02642193568711792,0.7597249321889017,0.014275728342640024,538480.5333333333,132047.51938908626,0.6195559857884889,0.011590878701862378
P,mean_normalized_threshold_margin,0.75,5,0.7500061362801866,4.8186616363556415e-06,55825.6,13097.588911704323,0.3986111873509668,0.018782204575913376,0.6301063475893293,0.026568497183310457,0.7488318215152606,0.014390282549002953,574536.7999999999,140662.76411600746,0.5966061445091034,0.01247443405690908
P,mean_normalized_threshold_margin,0.8,5,0.8000066020340343,4.494196416076866e-06,59547.4,13971.203627461737,0.40698488613425027,0.017819735302253677,0.6204380443280105,0.02593892668843587,0.7384597629195574,0.014561378656212678,610650.0666666667,149550.4743258201,0.5713632411679345,0.013019471196468312
P,mean_normalized_threshold_margin,0.85,5,0.8500065777489247,4.625112191283739e-06,63269.0,14844.011334541618,0.41529901496101596,0.016803149008394705,0.6103847572404788,0.02648971770248357,0.728344498697681,0.014735380957335292,646929.2,158243.6437573051,0.5425420412764974,0.012893807365246696
P,mean_normalized_threshold_margin,0.9,5,0.9000070435027725,5.5960669684666475e-06,66990.8,15717.62605166569,0.4237196784515359,0.015901260274950525,0.599987138983775,0.026331864614183537,0.7185232769518278,0.014901257734602697,683297.5333333332,166896.7132607936,0.5078490897604362,0.011985702821008562
P,mean_normalized_threshold_margin,0.95,5,0.950007019217663,5.206770870028924e-06,70712.4,16590.433758645373,0.4325798629584118,0.015005316228895942,0.5890672143403283,0.026047556037061412,0.7086444186603195,0.015322429937794077,719733.0,175160.8525820703,0.45871950744936524,0.010493433607508965
P,mean_normalized_threshold_margin,1.0,5,1.0,0.0,74433.6,17463.71098306428,0.4426814511606795,0.014131454993429186,0.5766782607502025,0.025426982919136826,0.6980404973593185,0.016235250163119323,755688.0,182371.90756117017,0.21277440374972595,0.01989303220856678
P2,mean_binary_certainty,0.05,5,0.050007078996005226,4.311431646759798e-06,3722.2,873.2772755545628,0.30475675493960513,0.11202570235279531,0.5084298523750892,0.08650114037985183,0.9191497901454682,0.03288300692489024,39023.99999999999,10544.145115760793,0.9384170389623249,0.01665384009371387
P2,mean_binary_certainty,0.1,5,0.10000313391105256,4.350271245683503e-06,7443.6,1746.4202816046313,0.2654715050942797,0.08203990098083375,0.463601650091119,0.05905131443206072,0.9257363763491755,0.021948614151216208,81053.13333333333,19987.103099526732,0.8997133112844982,0.026623415719717772
P2,mean_binary_certainty,0.15,5,0.1500075204647434,3.144169134636914e-06,11165.6,2619.6996583578048,0.2572384815247145,0.061747204160390846,0.5308727176199811,0.06780924238400136,0.9239412886884187,0.017952151191858924,123479.13333333335,29671.992084380785,0.834677065589417,0.05099390015351187
P2,mean_binary_certainty,0.2,5,0.20000357537979072,3.0249180210511215e-06,14887.0,3492.8426818280836,0.2604042510992891,0.04357674869578565,0.5949239389861568,0.07636730012012508,0.9148832846688698,0.020045782379000253,164520.6,39951.68760126272,0.7585937283578432,0.05871120501372935
P2,mean_binary_certainty,0.25,5,0.2500056473329816,3.8237698060698875e-06,18608.8,4365.950663944795,0.2684188006482997,0.033952712602772446,0.6438835537074811,0.046477921153993025,0.901448430956537,0.02123600308690341,203710.26666666666,49906.14533546389,0.688994277507535,0.05117647448585551
P2,mean_binary_certainty,0.3,5,0.3000040168485289,2.6309761406514875e-06,22330.4,5239.265101137754,0.2826368816752848,0.027776472075401803,0.6711765880857772,0.024612945275924298,0.8831606624897208,0.020671526637701526,242077.80000000005,59338.530634075454,0.6326481414291825,0.03728397250418774
P2,mean_binary_certainty,0.35,5,0.35000608880171985,3.189508981368201e-06,26052.2,6112.3730825269495,0.2995507967535754,0.025377725014433517,0.6768578558524898,0.018198426835308392,0.8627020656785687,0.01746213550880879,279810.4,68746.10678851407,0.5894553366400874,0.031417699856921846
P2,mean_binary_certainty,0.4,5,0.4000044583172671,3.498653907729881e-06,29773.8,6985.687525218975,0.3169680541195493,0.02452628669246179,0.6735648810605738,0.0180679516298619,0.8425001085121554,0.014164375731760485,317123.3333333334,78311.32014558588,0.5551501359176021,0.029386588209058897
P2,mean_binary_certainty,0.45,5,0.450006530270458,3.6429873523363466e-06,33495.6,7858.795505673881,0.33231820585710287,0.023744910863082953,0.6670960658521949,0.019189510940867106,0.8241785791844654,0.011747282267605642,354033.60000000003,87847.78153064287,0.5255254041130295,0.028910759703135617
P2,mean_binary_certainty,0.5,5,0.5000025851855053,3.643907512648645e-06,37217.0,8731.938530475349,0.34547687178984854,0.022554281964696516,0.6599003065771593,0.021683454322911605,0.8076501414310506,0.009931925485150065,390628.4,97290.32188974973,0.49882224479391307,0.02900144424945908
P2,mean_binary_certainty,0.55,5,0.5500075679432102,4.372254802686094e-06,40939.0,9604.91548635385,0.35749328574082956,0.02099097197430161,0.6517310503479404,0.023241683702120326,0.792655297859353,0.009282081329656432,427071.0,106334.36152585442,0.4740585796866414,0.02913370663051586
P2,mean_binary_certainty,0.6,5,0.600005719096558,4.538874875364618e-06,44660.6,10478.358783702723,0.3683495417334478,0.019539372009012138,0.6436161810231349,0.024200571478695438,0.7793165106215415,0.009223576024825571,463200.8,115076.23802761755,0.4500287119759253,0.029538313003634457
P2,mean_binary_certainty,0.65,5,0.6500080094119485,3.610315715629472e-06,48382.4,11351.337907929621,0.37824068194482213,0.018582920981231016,0.6354582909386381,0.025240979375479495,0.7670903229073871,0.009330660208432895,499468.2666666666,124076.99592667806,0.426027292126539,0.029798548729338414
P2,mean_binary_certainty,0.7,5,0.7000061605652961,4.077532910128363e-06,52104.0,12224.781204586036,0.3875551179235045,0.017750749306531286,0.6272707455507527,0.02604910236564504,0.75577532185676,0.009633158886176807,535798.8,132894.3774273807,0.4016803075283192,0.029875537294145594
P2,mean_binary_certainty,0.75,5,0.7500061362801866,4.8186616363556415e-06,55825.6,13097.588911704323,0.39636444295166484,0.017017619475601327,0.6194350192824327,0.02617755955809913,0.7453610678794333,0.009829629676228824,572176.6,141493.04900700954,0.37634157692901615,0.029816033212844303
P2,mean_binary_certainty,0.8,5,0.8000066020340343,4.494196416076866e-06,59547.4,13971.203627461737,0.40503294771470016,0.016304898369438166,0.6115996554683469,0.025879171924909645,0.7354161307191057,0.01011178988026387,608726.0000000001,149866.87522116274,0.34910396066035215,0.029499506349552396
P2,mean_binary_certainty,0.85,5,0.8500065777489247,4.625112191283739e-06,63269.0,14844.011334541618,0.41343640188793784,0.015429962387574986,0.6037114154176615,0.025230924938317405,0.7260398930115499,0.010630657374577463,645482.8,158292.78722962152,0.31881349094440115,0.028697432348677516
P2,mean_binary_certainty,0.9,5,0.9000070435027725,5.5960669684666475e-06,66990.8,15717.62605166569,0.4217886455574293,0.014478607912531093,0.5956226109373748,0.024696459573136834,0.7170025321507285,0.011103702837510058,682251.4666666667,166504.80976462978,0.28258660592529744,0.02741337813240509
P2,mean_binary_certainty,0.95,5,0.950007019217663,5.206770870028924e-06,70712.4,16590.433758645373,0.4303697440799551,0.013607377678264646,0.586836292842222,0.024339767354065865,0.7080838864734559,0.01168742009662996,719111.9333333333,174658.35880677964,0.23288504825216888,0.024619590575281708
P2,mean_binary_certainty,1.0,5,1.0,0.0,74433.6,17463.71098306428,0.4396895228584614,0.01256508670913178,0.5776840964443883,0.024516425133215725,0.6993917630021248,0.012437651393560768,755688.0,182371.90756117017,0.03712582733053772,0.00904270878814639
P2,mean_normalized_threshold_margin,0.05,5,0.050007078996005226,4.311431646759798e-06,3722.2,873.2772755545628,0.3125643907626568,0.10801236152264948,0.4625520666869695,0.06203664346907933,0.9193143365282698,0.037650018459204355,38971.066666666666,10738.177663003262,0.979220167345343,0.007922195680449735
P2,mean_normalized_threshold_margin,0.1,5,0.10000313391105256,4.350271245683503e-06,7443.6,1746.4202816046313,0.265888218767013,0.07670217020625483,0.48231209187497787,0.03983817610215622,0.9276594988814619,0.022505217187300492,81147.99999999999,20054.369436609068,0.9565800502936066,0.014933858048349971
P2,mean_normalized_threshold_margin,0.15,5,0.1500075204647434,3.144169134636914e-06,11165.6,2619.6996583578048,0.2588948753384049,0.05953995362703157,0.5316780446097855,0.04492811146178321,0.9246661571458479,0.018580477454238877,123051.8,30001.093588956603,0.9256769792311532,0.026616047340792762
P2,mean_normalized_threshold_margin,0.2,5,0.20000357537979072,3.0249180210511215e-06,14887.0,3492.8426818280836,0.2645046573647318,0.04411347908385165,0.5752159502076044,0.06124070803917731,0.9157577329979606,0.020263747314110573,164292.3333333333,40459.23681998408,0.8833825131440003,0.03044050995171233
P2,mean_normalized_threshold_margin,0.25,5,0.2500056473329816,3.8237698060698875e-06,18608.8,4365.950663944795,0.27191450045040944,0.03613787399858581,0.6239295283876145,0.032208705129033975,0.9024302912398662,0.020753597979954096,203893.33333333334,50425.44325150857,0.8371285080041849,0.027317730011886688
P2,mean_normalized_threshold_margin,0.3,5,0.3000040168485289,2.6309761406514875e-06,22330.4,5239.265101137754,0.28553446863555265,0.031847033693206926,0.6704999445246413,0.017147243345997164,0.8840297701151382,0.01987972135271126,242624.7333333333,59977.99049438422,0.7963217862366581,0.01850963746849129
P2,mean_normalized_threshold_margin,0.35,5,0.35000608880171985,3.189508981368201e-06,26052.2,6112.3730825269495,0.300799957972419,0.028763590819758246,0.6813642231109036,0.015778773147876003,0.8641366457008886,0.018106342231086488,281065.3333333333,69548.34057090555,0.764980896105034,0.014934199862690135
P2,mean_normalized_threshold_margin,0.4,5,0.4000044583172671,3.498653907729881e-06,29773.8,6985.687525218975,0.3160211144785462,0.02631541558942495,0.6827132624953932,0.014904274118199973,0.8453171946899408,0.016392624653813304,318921.2,79039.47014681264,0.7392471278773214,0.013561928729174758
P2,mean_normalized_threshold_margin,0.45,5,0.450006530270458,3.6429873523363466e-06,33495.6,7858.795505673881,0.32978897263534657,0.023585091191834575,0.6779202069809945,0.01763089232326183,0.8279567498446962,0.01431384227996566,356313.2666666667,88221.52989284042,0.7169428092696652,0.013181386628647379
P2,mean_normalized_threshold_margin,0.5,5,0.5000025851855053,3.643907512648645e-06,37217.0,8731.938530475349,0.34274332155507714,0.02078018586862486,0.6709674659203275,0.020256655496418682,0.8124271850929269,0.012506354239736197,393150.4,97296.60899406743,0.6966144469757513,0.01348996207765037
P2,mean_normalized_threshold_margin,0.55,5,0.5500075679432102,4.372254802686094e-06,40939.0,9604.91548635385,0.3551389450440335,0.018780889739687435,0.6640747853309329,0.021848272250481037,0.7980243673986571,0.011634580593770373,429411.7333333334,105997.37753606089,0.6774083672727322,0.013943131405304513
P2,mean_normalized_threshold_margin,0.6,5,0.600005719096558,4.538874875364618e-06,44660.6,10478.358783702723,0.36670465649542294,0.017440502906496413,0.6563156720143944,0.024302526731788506,0.784830323753775,0.011104569131665009,465525.6,114615.60719286397,0.6585952390376415,0.014784295968002738
P2,mean_normalized_threshold_margin,0.65,5,0.6500080094119485,3.610315715629472e-06,48382.4,11351.337907929621,0.3773257251863319,0.01662726443212481,0.6483212202086344,0.026455406155061027,0.7725623071515443,0.010953089686235802,501613.6666666667,123236.70879134277,0.6394420860584361,0.015918524476173583
P2,mean_normalized_threshold_margin,0.7,5,0.7000061605652961,4.077532910128363e-06,52104.0,12224.781204586036,0.38700281314977153,0.016192794240408967,0.6397151380061581,0.027141547520927397,0.7611847243530331,0.01098484000246736,537650.6666666666,131861.10851131706,0.6194657014567575,0.016998327345571714
P2,mean_normalized_threshold_margin,0.75,5,0.7500061362801866,4.8186616363556415e-06,55825.6,13097.588911704323,0.39619955486675024,0.015745840039903664,0.630741839583431,0.02710315543754427,0.7504635370781412,0.011235407152675236,573872.7333333334,140437.19245457105,0.5981645921544083,0.018099554646451844
P2,mean_normalized_threshold_margin,0.8,5,0.8000066020340343,4.494196416076866e-06,59547.4,13971.203627461737,0.40459476713746734,0.01557258141614019,0.6211549071086914,0.027048310412298916,0.7401552412331721,0.011565520695206432,610279.9999999999,149197.40323086502,0.5742998228359579,0.0188926239313554
P2,mean_normalized_threshold_margin,0.85,5,0.8500065777489247,4.625112191283739e-06,63269.0,14844.011334541618,0.4128464053477433,0.015294942398956526,0.6113317323417828,0.026332525788998834,0.730239526519936,0.011805155542818257,646803.0666666667,157984.01600573392,0.5470359779296367,0.019052351998669118
P2,mean_normalized_threshold_margin,0.9,5,0.9000070435027725,5.5960669684666475e-06,66990.8,15717.62605166569,0.4210631408246336,0.014708093010873875,0.6012036096865792,0.026260371103982796,0.7203889403160126,0.011992898217392875,683296.7333333333,166798.0021806816,0.5133552273015557,0.018445824588541868
P2,mean_normalized_threshold_margin,0.95,5,0.950007019217663,5.206770870028924e-06,70712.4,16590.433758645373,0.42986631632962913,0.013881841416465071,0.5903137663282669,0.025438993880993493,0.7102215329436563,0.012280272275215772,719881.7333333333,175060.95624356423,0.46565824011853196,0.01811573731975878
P2,mean_normalized_threshold_margin,1.0,5,1.0,0.0,74433.6,17463.71098306428,0.4396895228584613,0.012565086709131779,0.5776840964443883,0.024516425133215725,0.6993917630021248,0.012437651393560768,755688.0,182371.90756117017,0.2270337919161145,0.02225322364816715
P2,p2_system_reliability,0.05,5,0.050007078996005226,4.311431646759798e-06,3722.2,873.2772755545628,0.4382606751085614,0.027676629005654613,0.5256989099431977,0.018734081904006477,0.6656439696579438,0.029872575666923768,38349.73333333334,10818.792337101831,0.9951499104499817,0.0006960460366147485
P2,p2_system_reliability,0.1,5,0.10000313391105256,4.350271245683503e-06,7443.6,1746.4202816046313,0.42947736624590566,0.03281541640816403,0.552322899440038,0.020901059449997657,0.6777149862215035,0.028027721776623497,76341.79999999999,22012.475667978222,0.9938036203384399,0.0008911943884415517
P2,p2_system_reliability,0.15,5,0.1500075204647434,3.144169134636914e-06,11165.6,2619.6996583578048,0.42785999712888667,0.031096522908109193,0.566276683032597,0.0188420981266192,0.6842025455216956,0.024836452070191032,114310.66666666666,32675.991182790123,0.9926396210988363,0.0010529350203793745
P2,p2_system_reliability,0.2,5,0.20000357537979072,3.0249180210511215e-06,14887.0,3492.8426818280836,0.43048190167402717,0.02824377007260375,0.5744990433144637,0.019936270184657025,0.6868731206867288,0.022168928165820768,152140.06666666668,42676.877021403525,0.9915482997894287,0.0012254051003017475
P2,p2_system_reliability,0.25,5,0.2500056473329816,3.8237698060698875e-06,18608.8,4365.950663944795,0.4319009744885345,0.023411749073356636,0.5770734659306394,0.020050210348596092,0.6891417564995732,0.02046239463326306,190191.19999999998,52176.5696109534,0.9904727737108866,0.0013970971072532021
P2,p2_system_reliability,0.3,5,0.3000040168485289,2.6309761406514875e-06,22330.4,5239.265101137754,0.43282200007173144,0.020027370743077418,0.5782203981555798,0.020244323355457425,0.6912802922798165,0.01885740574363909,228184.26666666666,61351.32010370001,0.9893985470136005,0.0015837526047121498
P2,p2_system_reliability,0.35,5,0.35000608880171985,3.189508981368201e-06,26052.2,6112.3730825269495,0.43335064816023755,0.017692022027211464,0.5805120674424371,0.02149572010494764,0.6935620267311935,0.017235818242399087,266053.5333333333,70293.25458297308,0.9883002400398254,0.0017736286317823291
P2,p2_system_reliability,0.4,5,0.4000044583172671,3.498653907729881e-06,29773.8,6985.687525218975,0.4339433496728414,0.015959126247633588,0.5814065221208362,0.02275462032313819,0.6953686544748386,0.016211063497719568,303973.39999999997,79200.08625605571,0.9871449708938599,0.001967329878438801
P2,p2_system_reliability,0.45,5,0.450006530270458,3.6429873523363466e-06,33495.6,7858.795505673881,0.4349132562523839,0.014200257938243976,0.5826258440573641,0.0243006935330961,0.6966452091556609,0.015213645487830645,341733.8666666667,87935.52744596465,0.9858962019284565,0.0021731608231063274
P2,p2_system_reliability,0.5,5,0.5000025851855053,3.643907512648645e-06,37217.0,8731.938530475349,0.43582282156479557,0.01368291389514914,0.5835570285747667,0.025226666378991982,0.6975630421417727,0.014525972309495438,379349.06666666665,96741.02012199606,0.9845064560572307,0.0023769486058377665
P2,p2_system_reliability,0.55,5,0.5500075679432102,4.372254802686094e-06,40939.0,9604.91548635385,0.4368424345732492,0.013740567289990504,0.5835711940192334,0.02617938849091382,0.6979189253801477,0.01401338073298972,416805.6666666666,105278.64845468165,0.9829400738080343,0.0026167217633087853
P2,p2_system_reliability,0.6,5,0.600005719096558,4.538874875364618e-06,44660.6,10478.358783702723,0.4386217175985544,0.01350878707376789,0.5833407711731835,0.026486652746110898,0.6975567438849524,0.01385140833873335,453944.3333333333,113737.33726222008,0.9811347126960754,0.002880715721881641
P2,p2_system_reliability,0.65,5,0.6500080094119485,3.610315715629472e-06,48382.4,11351.337907929621,0.4396392738641174,0.013323059186780716,0.5826896523574988,0.02625485936634003,0.6972958672471143,0.014163772605204577,490913.4000000001,122142.76607255773,0.9790847659111023,0.0031566244075554757
P2,p2_system_reliability,0.7,5,0.7000061605652961,4.077532910128363e-06,52104.0,12224.781204586036,0.44068446412890855,0.01374432027316655,0.581991206586465,0.026279295694163592,0.6969548362232196,0.014550928739909904,527987.4,130502.79017800518,0.9766894737879435,0.0035075225993247833
P2,p2_system_reliability,0.75,5,0.7500061362801866,4.8186616363556415e-06,55825.6,13097.588911704323,0.441178318919487,0.013774085917400248,0.5812721525784796,0.026249170295289184,0.6968492588176701,0.014721378244614988,565195.6666666667,138984.6459917226,0.9737797260284424,0.004011469117032108
P2,p2_system_reliability,0.8,5,0.8000066020340343,4.494196416076866e-06,59547.4,13971.203627461737,0.44139735889200216,0.013711676439807061,0.5806264331988806,0.025829489888958185,0.6968185783736554,0.014763188096687252,602812.0666666667,147572.65703325786,0.9700594504674276,0.004886208319052692
P2,p2_system_reliability,0.85,5,0.8500065777489247,4.625112191283739e-06,63269.0,14844.011334541618,0.4414100055212389,0.013854305161155456,0.5805412752055172,0.02560732698049437,0.6972139830553805,0.014641337850490141,640707.6666666666,156390.15099388096,0.9652106205622355,0.006358549790650812
P2,p2_system_reliability,0.9,5,0.9000070435027725,5.5960669684666475e-06,66990.8,15717.62605166569,0.44125362313965333,0.014030673069034792,0.5800075006723008,0.025196571268775406,0.6976889630459356,0.014301338611970006,678874.2666666667,165223.9615329246,0.9577403942743938,0.00964590882414879
P2,p2_system_reliability,0.95,5,0.950007019217663,5.206770870028924e-06,70712.4,16590.433758645373,0.4410185768818618,0.013535982466198283,0.578813370866475,0.024743990758142535,0.698159726820181,0.013697133842088175,717356.5333333334,173935.8355833808,0.9444327592849732,0.015666594621377622
P2,p2_system_reliability,1.0,5,1.0,0.0,74433.6,17463.71098306428,0.4396895228584613,0.012565086709131777,0.5776840964443883,0.024516425133215725,0.6993917630021248,0.012437651393560768,755688.0,182371.90756117017,0.8273097197214762,0.024089881065766105
